Name of Package ,, Price ,, Duration ,, Rating ,, Tour Type ,, Trek Difficulty ,, Operator ,, Location ,, Primary Activity ,, Secondary Activity ,, 
Annapurna Explorer ,, 151030 ,, 16days ,, 5.0  ,, Group Tour - Max 12 participants   ,, Easy ,, Intrepid Travel ,, Kathmandu ,, Adventure And Sport Activities ,, Trekking ,, 
Annapurna Base Camp Trek ,, 74250 ,, 12days ,, 4.5  ,, Private and Group Tour   ,, Medium ,, Nepal Eco Adventure Pvt Ltd ,, Annapurna Base Camp Trek ,, Adventure And Sport Activities ,, Trekking ,, 
Langtang Kyanjin Trek ,, 51150 ,, 9days ,, 4.8  ,, Private Tour   ,, Medium ,, Unique Adventure International Pvt Ltd ,, Langtang Trek ,, Adventure And Sport Activities ,, Trekking ,, 
Annapurna Circuit Trek ,, 88000 ,, 15days ,, 4.6  ,, Private Tour   ,, Hard ,, Unique Adventure International Pvt Ltd ,, Annapurna Circuit Trek ,, Adventure And Sport Activities ,, Trekking ,, 
Everest Base Camp Trek ,, 107250 ,, 15days ,, 4.8  ,, Private and Group Tour   ,, Medium ,, Outshine Adventure Pvt Ltd ,, Everest Base Camp Trek ,, Adventure And Sport Activities ,, Trekking ,, 
Everest Three High Passes Trekking ,, 148500 ,, 16days ,, 4.8  ,, Private and Group Tour   ,, Hard ,, Nepal Eco Adventure Pvt Ltd ,, Everest Base Camp - 3 Passes Trek ,, Adventure And Sport Activities ,, Trekking ,, 
High Road To Lhasa ,, 334290 ,, 15days ,, nan ,, Group Tour - Max 16 participants   ,, nan ,, World Expeditions ,, Kathmandu ,, Adventure And Sport Activities ,, Adventure ,, 
Annapurna Base Camp Trek ,, 69960 ,, 12days ,, 4.8  ,, Private Tour   ,, Moderate ,, Himalayan Leisure Inc. ,, Annapurna Base Camp Trek ,, Adventure And Sport Activities ,, Trekking ,, 
Manaslu Circuit Trekking ,, 121000 ,, 14days ,, 5.0  ,, Private and Group Tour   ,, Hard ,, Nepal Eco Adventure Pvt Ltd ,, Manaslu Trek ,, Adventure And Sport Activities ,, Trekking ,, 
Chitwan National Park Safari ,, 19800 ,, 3days ,, nan ,, Group Tour   ,, nan ,, Green Valley Nepal Treks Pvt Ltd ,, Chitwan National Park ,, Wildlife Landscapes And Nature ,, Rainforest and jungle visits ,, 
9 Day Everest Base Camp Trek With Chopper Return ,, 251900 ,, 9days ,, 4.8  ,, Private and Group Tour   ,, Medium ,, Unique Adventure International Pvt Ltd ,, Everest Base Camp Trek ,, Adventure And Sport Activities ,, Trekking ,, 
 Everest Base Camp Trek ,, 89100 ,, 12days ,, 4.9  ,, Private Tour   ,, Hard ,, Himalayan Trekking and Tours (P) Ltd ,, Everest Base Camp Trek ,, Adventure And Sport Activities ,, Trekking ,, 
Annapurna Base Camp Trek ,, 68200 ,, 12days ,, 5.0  ,, Private Tour   ,, Moderate ,, Green Valley Nepal Treks Pvt Ltd ,, Annapurna Base Camp Trek ,, Adventure And Sport Activities ,, Trekking ,, 
Everest Base Camp Trek ,, 99550 ,, 11days ,, 4.8  ,, Private Tour   ,, Medium ,, Unique Path Trekking & Expedition (P) LTD. ,, Everest Base Camp Trek ,, Adventure And Sport Activities ,, Trekking ,, 
7-day Ghorepani Poon Hill Trek ,, 40260 ,, 7days ,, 5.0  ,, Private Tour   ,, Easy ,, Himalayan Leisure Inc. ,, Poonhill Trek ,, Adventure And Sport Activities ,, Trekking ,, 
Annapurna Circuit Trek  ,, 110000 ,, 13days ,, 4.9  ,, Private Tour   ,, Hard ,, Green Valley Nepal Treks Pvt Ltd ,, Annapurna Circuit Trek ,, Adventure And Sport Activities ,, Trekking ,, 
Everest Base Camp Trek - 16 Days ,, 134750 ,, 16days ,, 5.0  ,, Private Tour   ,, Hard ,, Ace the Himalaya ,, Everest Base Camp Trek ,, Adventure And Sport Activities ,, Trekking ,, 
Mera Peak Climb ,, 220000 ,, 18days ,, 4.9  ,, Private Tour   ,, nan ,, Unique Adventure International Pvt Ltd ,, Mera Peak ,, Adventure And Sport Activities ,, Climbing ,, 
Dhampus Sarangkot (Short Annapurna Trek) ,, 19250 ,, 3days ,, 4.3  ,, Private Tour   ,, Easy ,, Green Valley Nepal Treks Pvt Ltd ,, Pokhara ,, Adventure And Sport Activities ,, Trekking ,, 
Everest Base Camp - 3 High Passes Trek ,, 145200 ,, 16days ,, 4.9  ,, Private and Group Tour   ,, Hard ,, Unique Adventure International Pvt Ltd ,, Everest Base Camp - 3 Passes Trek ,, Adventure And Sport Activities ,, Trekking ,, 
Everest Base Camp Trek - 12 Days ,, 137500 ,, 12days ,, 4.9  ,, Private Tour   ,, Moderate ,, Icicles Adventure Treks and Tours Pvt Ltd ,, Everest Base Camp Trek ,, Adventure And Sport Activities ,, Trekking ,, 
Everest Base Camp Tour ,, 110000 ,, 12days ,, 5.0  ,, Group Tour - Max 12 participants   ,, Hard ,, Mosaic Adventure ,, Everest Base Camp Trek ,, Adventure And Sport Activities ,, Trekking ,, 
Annapurna Base Camp Trek - 9 Days ,, 70400 ,, 9days ,, 4.7  ,, Private Tour   ,, Medium ,, Nepal Lion Tours and Treks Pvt Ltd ,, Annapurna Base Camp Trek ,, Adventure And Sport Activities ,, Trekking ,, 
Island Peak Climb With Everest Base Camp Trek ,, 229900 ,, 15days ,, 4.9  ,, Private and Group Tour   ,, nan ,, Unique Adventure International Pvt Ltd ,, Island Peak ,, Adventure And Sport Activities ,, Climbing ,, 
Gokyo And Everest Base Camp Trek ,, 130350 ,, 14days ,, 4.7  ,, Private and Group Tour   ,, Hard ,, Green Valley Nepal Treks Pvt Ltd ,, Gokyo And Everest Base Camp Trek ,, Adventure And Sport Activities ,, Trekking ,, 
Manaslu Circuit Trek ,, 110000 ,, 14days ,, 4.8  ,, Private Tour   ,, Hard ,, Green Valley Nepal Treks Pvt Ltd ,, Manaslu Trek ,, Adventure And Sport Activities ,, Trekking ,, 
12-Day Everest Base Camp Trekking ,, 120890 ,, 12days ,, 5.0  ,, Private Tour   ,, Medium ,, Trekking Planner (P.) Ltd ,, Everest Base Camp Trek ,, Adventure And Sport Activities ,, Trekking ,, 
Experience Nepal ,, 148500 ,, 10days ,, 5.0  ,, Group Tour - Max 12 participants   ,, nan ,, Intrepid Travel ,, Kathmandu Tours ,, Explorer ,, Explorer ,, 
Gokyo Lake And Everest Base Camp + Cho La Pass ,, 135300 ,, 15days ,, 4.7  ,, Private and Group Tour   ,, Hard ,, Unique Adventure International Pvt Ltd ,, Gokyo And Everest Base Camp Trek ,, Adventure And Sport Activities ,, Trekking ,, 
Everest Base Camp Trek ,, 125400 ,, 13days ,, 5.0  ,, Private Tour   ,, Hard ,, Friends Adventure Team Pvt. Ltd ,, Everest Base Camp Trek ,, Adventure And Sport Activities ,, Trekking ,, 
Annapurna Base Camp Trek ,, 72600 ,, 12days ,, 5.0  ,, Private Tour   ,, Medium ,, Buddha Treks and Expedition ,, Annapurna Base Camp Trek ,, Adventure And Sport Activities ,, Trekking ,, 
Gosainkunda Trekking  ,, 44550 ,, 7days ,, 5.0  ,, Private Tour   ,, Moderate ,, Green Valley Nepal Treks Pvt Ltd ,, Langtang Trek ,, Adventure And Sport Activities ,, Trekking ,, 
Everest Base Camp Trek (EBC Trek) - 12 Days ,, 94050 ,, 12days ,, 4.9  ,, Private Tour   ,, Hard ,, Breakfree Adventures Pvt Ltd ,, Everest Base Camp Trek ,, Adventure And Sport Activities ,, Trekking ,, 
Annapurna Circuit Trek - 15 Days ,, 102960 ,, 15days ,, 4.7  ,, Private Tour   ,, Medium ,, Himalayan Leisure Inc. ,, Annapurna Circuit Trek ,, Adventure And Sport Activities ,, Trekking ,, 
Annapurna Sanctuary ,, 129800 ,, 16days ,, 5.0  ,, Group Tour - Max 12 participants   ,, nan ,, Intrepid Travel ,, Kathmandu ,, Adventure And Sport Activities ,, Trekking ,, 
Kathmandu Valley Hiking ,, 24200 ,, 4days ,, 5.0  ,, Private Tour   ,, Easy ,, Adventure Bound Treks and Tours ,, Nagarkot ,, Adventure And Sport Activities ,, Trekking ,, 
4 Days Trek To Poon Hill ,, 37950 ,, 4days ,, 5.0  ,, Group Tour - Max 12 participants   ,, Moderate ,, Mosaic Adventure ,, Poonhill Trek ,, Adventure And Sport Activities ,, Trekking ,, 
Around Annapurna Trek ,, 127600 ,, 21days ,, 4.9  ,, Private Tour   ,, Hard ,, Buddha Treks and Expedition ,, Annapurna Circuit Trek ,, Adventure And Sport Activities ,, Trekking ,, 
Annapurna Circuit Trek ,, 85250 ,, 14days ,, 4.8  ,, Private Tour   ,, Moderate ,, Unique Path Trekking & Expedition (P) LTD. ,, Annapurna Circuit Trek ,, Adventure And Sport Activities ,, Trekking ,, 
Ghorepani Poonhill Trek ,, 39050 ,, 5days ,, 5.0  ,, Private Tour   ,, Easy ,, Outshine Adventure Pvt Ltd ,, Poonhill Trek ,, Adventure And Sport Activities ,, Trekking ,, 
Annapurna Circuit Trek ,, 108900 ,, 18days ,, 4.9  ,, Private Tour   ,, Medium ,, Icicles Adventure Treks and Tours Pvt Ltd ,, Annapurna Circuit Trek ,, Adventure And Sport Activities ,, Trekking ,, 
Everest Base Camp Trek ,, 120890 ,, 12days ,, 4.8  ,, Private Tour   ,, Hard ,, Green Valley Nepal Treks Pvt Ltd ,, Everest Base Camp Trek ,, Adventure And Sport Activities ,, Trekking ,, 
Ghorepani Poon Hill Sunrise Trekking ,, 60500 ,, 6days ,, 5.0  ,, Private Tour   ,, Moderate ,, Nepal Hiking Team ,, Poonhill Trek ,, Adventure And Sport Activities ,, Trekking ,, 
Everest Panorama View Trek - 6 Days ,, 90200 ,, 6days ,, 4.3  ,, Private Tour   ,, Moderate ,, Nepal Lion Tours and Treks Pvt Ltd ,, Everest Panorama Trek ,, Adventure And Sport Activities ,, Trekking ,, 
Everest Base Camp With Island Peak ,, 175890 ,, 19days ,, 5.0  ,, Group Tour   ,, Very Hard ,, Ace the Himalaya ,, Island Peak ,, Adventure And Sport Activities ,, Trekking ,, 
Island Peak Climbing With Everest Base Camp And Gokyo ,, 241450 ,, 23days ,, 4.4  ,, Private Tour   ,, nan ,, Buddha Treks and Expedition ,, Island Peak ,, Adventure And Sport Activities ,, Climbing ,, 
Langtang Valley Trek ,, 54890 ,, 8days ,, 4.8  ,, Private and Group Tour   ,, Moderate ,, Icicles Adventure Treks and Tours Pvt Ltd ,, Langtang Trek ,, Adventure And Sport Activities ,, Trekking ,, 
Nagarkot Trek (Trek In Kathmandu) ,, 20790 ,, 3days ,, 4.2  ,, Private Tour   ,, Easy ,, Breakfree Adventures Pvt Ltd ,, Nagarkot ,, Adventure And Sport Activities ,, Trekking ,, 
Everest Base Camp Trek - Expedition Departures ,, 358050 ,, 18days ,, 4.9  ,, Group Tour - Max 16 participants   ,, nan ,, Exodus Travels ,, Kathmandu ,, Adventure And Sport Activities ,, Trekking ,, 
Island Peak Climb From Chhukung (Group Tour) ,, 82500 ,, 4days ,, 3.8  ,, Private and Group Tour   ,, nan ,, Unique Adventure International Pvt Ltd ,, Island Peak ,, Adventure And Sport Activities ,, Climbing ,, 
Gokyo Renjo La Pass Trek ,, 121000 ,, 12days ,, 4.8  ,, Private and Group Tour   ,, Hard ,, Nepal Eco Adventure Pvt Ltd ,, Gokyo Lakes Trek ,, Adventure And Sport Activities ,, Trekking ,, 
Ghorepani-Poonhill-Ghandruk Trek ,, 55000 ,, 7days ,, 4.8  ,, Private and Group Tour   ,, Moderate ,, Nepal Eco Adventure Pvt Ltd ,, Poonhill Trek ,, Adventure And Sport Activities ,, Trekking ,, 
Annapurna View Trek ,, 50050 ,, 6days ,, 5.0  ,, Private Tour   ,, Easy ,, Mount Adventure Holidays ,, Poonhill Trek ,, Adventure And Sport Activities ,, Trekking ,, 
12 Days Gokyo Valley Trekking ,, 120890 ,, 12 days ,, 4.8  ,, Group Tour - Max 12 participants   ,, Moderate ,, Trekking Planner (P.) Ltd ,, Gokyo Lakes Trek ,, Adventure And Sport Activities ,, Trekking ,, 
Mardi Himal Trek ,, 48950 ,, 10days ,, 4.7  ,, Private Tour   ,, Moderate ,, Himalayan Leisure Inc. ,, Mardi Himal Trek ,, Adventure And Sport Activities ,, Trekking ,, 
Manaslu Circuit Trek ,, 148500 ,, 19days ,, 5.0  ,, Private and Group Tour   ,, Moderate ,, Nepal Guide Treks & Expedition ,, Manaslu Trek ,, Adventure And Sport Activities ,, Trekking ,, 
Poonhill Tea House Trek 7-Days ,, 49500 ,, 7days ,, 4.8  ,, Private Tour   ,, Easy ,, Nepal Lion Tours and Treks Pvt Ltd ,, Poonhill Trek ,, Adventure And Sport Activities ,, Trekking ,, 
Ghorepani Poon Hill Trek ,, 46200 ,, 5days ,, 5.0  ,, Group Tour - Max 12 participants   ,, Moderate ,, Icicles Adventure Treks and Tours Pvt Ltd ,, Poonhill Trek ,, Adventure And Sport Activities ,, Trekking ,, 
Langtang Trek With Chopper Return ,, 185900 ,, 5days ,, 5.0  ,, Private Tour   ,, Moderate ,, Unique Adventure International Pvt Ltd ,, Langtang Trek ,, Adventure And Sport Activities ,, Trekking ,, 
Everest Base Camp With Gokyo Valley Trek ,, 159500 ,, 21days ,, 5.0  ,, Private Tour   ,, Hard ,, Buddha Treks and Expedition ,, Gokyo And Everest Base Camp Trek ,, Adventure And Sport Activities ,, Trekking ,, 
Everest Panorama Trek ,, 86900 ,, 7days ,, 4.8  ,, Private Tour   ,, Moderate ,, Himalayan Leisure Inc. ,, Everest Panorama Trek ,, Adventure And Sport Activities ,, Trekking ,, 
Island Peak Climbing + Everest 3 High Passes Trek ,, 235400 ,, 21days ,, 5.0  ,, Private Tour   ,, Medium ,, Friends Adventure Team Pvt. Ltd ,, Everest Base Camp - 3 Passes Trek ,, Adventure And Sport Activities ,, Trekking ,, 
Everest Panorama Trek  ,, 99000 ,, 9days ,, 5.0  ,, Private Tour   ,, Medium ,, Nepal Eco Adventure Pvt Ltd ,, Everest Panorama Trek ,, Adventure And Sport Activities ,, Trekking ,, 
Shangri-La Tour Of Tibet ,, 82500 ,, 8days ,, nan ,, Group Tour - Max 15 participants   ,, nan ,, Unique Adventure International Pvt Ltd ,, Lhasa ,, Sightseeing Attractions Culture And History ,, Cultural religious and historic sites ,, 
Island Peak Climbing Trek  ,, 204050 ,, 15days ,, 4.8  ,, Private and Group Tour   ,, nan ,, Nepal Guide Treks & Expedition ,, Island Peak ,, Adventure And Sport Activities ,, Climbing ,, 
Annapurna Base Camp Short Trek ,, 53900 ,, 7days ,, 5.0  ,, Private Tour   ,, Moderate ,, Adventure Bound Treks and Tours ,, Annapurna Base Camp Trek ,, Adventure And Sport Activities ,, Trekking ,, 
Upper Mustang Trek ,, 170500 ,, 14days ,, 4.5  ,, Private and Group Tour   ,, Medium ,, Unique Adventure International Pvt Ltd ,, Upper Mustang Trek ,, Adventure And Sport Activities ,, Trekking ,, 
Delhi To Kathmandu ,, 174350 ,, 15days ,, 5.0  ,, Group Tour - Max 12 participants   ,, nan ,, Intrepid Travel ,, Kathmandu Tours ,, Explorer ,, Explorer ,, 
Everest View Trek ,, 108900 ,, 7days ,, 5.0  ,, Group Tour - Max 12 participants   ,, Easy ,, Icicles Adventure Treks and Tours Pvt Ltd ,, Everest Panorama Trek ,, Adventure And Sport Activities ,, Trekking ,, 
Ghandruk Loop Trek From Pokhara ,, 27500 ,, 3days ,, 4.0  ,, Private Tour   ,, Moderate ,, Breakfree Adventures Pvt Ltd ,, Pokhara ,, Adventure And Sport Activities ,, Trekking ,, 
Gokyo Valley Trek ,, 115500 ,, 10days ,, 4.7  ,, Private Tour   ,, Medium ,, Nepal Eco Adventure Pvt Ltd ,, Gokyo Lakes Trek ,, Adventure And Sport Activities ,, Trekking ,, 
Everest Base Camp Trek ,, 142010 ,, 15days ,, 4.8  ,, Group Tour - Max 15 participants   ,, Easy ,, G Adventures ,, Everest Base Camp Trek ,, Adventure And Sport Activities ,, Trekking ,, 
Mardi Himal Trek ,, 79200 ,, 6days ,, 4.2  ,, Private Tour   ,, Moderate ,, Unique Adventure International Pvt Ltd ,, Mardi Himal Trek ,, Adventure And Sport Activities ,, Trekking ,, 
Kanchenjunga Circuit Trek ,, 248050 ,, 21days ,, 5.0  ,, Private Tour   ,, Medium ,, Mount Adventure Holidays ,, Kanchenjunga Base Camp ,, Adventure And Sport Activities ,, Trekking ,, 
Everest Base Camp Trek ,, 115500 ,, 12days ,, 5.0  ,, Private Tour   ,, Medium ,, Adventure Bound Treks and Tours ,, Everest Base Camp Trek ,, Adventure And Sport Activities ,, Trekking ,, 
Annapurna Base Camp Trek ,, 74250 ,, 10days ,, 4.8  ,, Private Tour   ,, Moderate ,, Outshine Adventure Pvt Ltd ,, Annapurna Base Camp Trek ,, Adventure And Sport Activities ,, Trekking ,, 
Everest Base Camp Trek  ,, 121000 ,, 12days ,, 4.9  ,, Private Tour   ,, Hard ,, Exciting Nepal Treks and Expedition ,, Everest Base Camp Trek ,, Adventure And Sport Activities ,, Trekking ,, 
Summit Mera Peak ,, 223300 ,, 18days ,, 5.0  ,, Private Tour   ,, nan ,, Nepal Climbing Adventure Pvt. Ltd. ,, Mera Peak ,, Adventure And Sport Activities ,, Climbing ,, 
Everest Base Camp Trek With Chopper Return ,, 245300 ,, 9days ,, 5.0  ,, Private Tour   ,, Moderate ,, Master Himalaya Treks and Expedition Pvt Ltd ,, Everest Base Camp Trek ,, Adventure And Sport Activities ,, Trekking ,, 
Nagarkot To Dhulikhel Hike (Day Hiking In Kathmandu) ,, 7700 ,, 1days ,, nan ,, Private Tour   ,, nan ,, Breakfree Adventures Pvt Ltd ,, Nagarkot ,, Adventure And Sport Activities ,, Hiking ,, 
Trip To Everest Base Camp Tibet From Kathmandu ,, 240900 ,, 13days ,, nan ,, Private Tour   ,, nan ,, Icicles Adventure Treks and Tours Pvt Ltd ,, Everest Base Camp Tibet ,, Wildlife Landscapes And Nature ,, Mountains ,, 
Island Peak Climbing & Everest Base Camp Trek ,, 195360 ,, 16days ,, 5.0  ,, Private Tour   ,, nan ,, Himalayan Leisure Inc. ,, Island Peak ,, Adventure And Sport Activities ,, Trekking ,, 
Mountain Biking On The Annapurna Circuit ,, 193600 ,, 14days ,, 5.0  ,, Private and Group Tour   ,, nan ,, Himalayan Single Track ,, Annapurna Circuit Trek ,, Adventure And Sport Activities ,, Mountain biking ,, 
Enduro Mountain Biking Around Kathmandu ,, 27500 ,, 2days ,, 5.0  ,, Private Tour   ,, nan ,, Himalayan Single Track ,, Nagarkot ,, Adventure And Sport Activities ,, Mountain biking ,, 
Cycling On The Apple Brandy Trail ,, 75900 ,, 5days ,, 5.0  ,, Private Tour   ,, nan ,, Himalayan Single Track ,, Annapurna Region ,, Adventure And Sport Activities ,, Mountain biking ,, 
Temples And Monasteries ,, 4950 ,, 5hours ,, nan ,, Private Tour   ,, nan ,, Himalayan Single Track ,, Kathmandu ,, Adventure And Sport Activities ,, Mountain biking ,, 
Night Ride In Kathmandu ,, 7150 ,, 3hours ,, nan ,, Private Tour   ,, nan ,, Himalayan Single Track ,, Kathmandu ,, Adventure And Sport Activities ,, Mountain biking ,, 
Morning Glory ,, 2750 ,, 2hours ,, 5.0  ,, Private Tour   ,, nan ,, Himalayan Single Track ,, Kathmandu ,, Adventure And Sport Activities ,, Mountain biking ,, 
Tour In Georgia 8 Days ,, 71170 ,, 8days ,, nan ,, Group Tour - Max 12 participants   ,, nan ,, Sakura Ltd ,, Tbilisi Tours ,, Explorer ,, Explorer ,, 
10 Days Everest Base Camp Trek ,, 115500 ,, 10days ,, 5.0  ,, Group Tour   ,, Medium ,, Nepal Eco Adventure Pvt Ltd ,, Everest Base Camp Trek ,, Adventure And Sport Activities ,, Trekking ,, 
Everest Base Camp & Island Peak Climb ,, 229900 ,, 19days ,, 5.0  ,, Private and Group Tour   ,, nan ,, Nepal Climbing Adventure Pvt. Ltd. ,, Everest Base Camp Trek ,, Adventure And Sport Activities ,, Climbing ,, 
Everest Base Camp & Kalapatthar Trek ,, 104500 ,, 15days ,, 4.9  ,, Private and Group Tour   ,, Hard ,, Nepal Climbing Adventure Pvt. Ltd. ,, Everest Base Camp Trek ,, Adventure And Sport Activities ,, Trekking ,, 
Pokhara Full Day Sightseeing Tour ,, 8250 ,, 1days ,, nan ,, Private Tour   ,, nan ,, Breakfree Adventures Pvt Ltd ,, Pokhara ,, Sightseeing Attractions Culture And History ,, Sightseeing Tours ,, 
Pokhara Half Day Sightseeing Tour ,, 7150 ,, 4hours ,, nan ,, Private Tour   ,, nan ,, Breakfree Adventures Pvt Ltd ,, Pokhara ,, Sightseeing Attractions Culture And History ,, City sightseeing ,, 
30-minute Paragliding In Pokhara ,, 13750 ,, 3hours ,, nan ,, Private Tour   ,, nan ,, Breakfree Adventures Pvt Ltd ,, Pokhara ,, Adventure And Sport Activities ,, Paragliding ,, 
Sunrise View From Sarangkot ,, 8250 ,, 3hours ,, nan ,, Private Tour   ,, nan ,, Breakfree Adventures Pvt Ltd ,, Pokhara ,, Wildlife Landscapes And Nature ,, Natural landmarks sightseeing ,, 
Everest Base Camp Trek With Chopper Return (9 Days) ,, 264000 ,, 9days ,, nan ,, Private and Group Tour   ,, Hard ,, Nepal Eco Adventure Pvt Ltd ,, Everest Base Camp Trek ,, Adventure And Sport Activities ,, Trekking ,, 
Short Annapurna Base Camp Trek ,, 62150 ,, 8days ,, 5.0  ,, Private Tour   ,, Medium ,, Exciting Nepal Treks and Expedition ,, Annapurna Base Camp Trek ,, Adventure And Sport Activities ,, Trekking ,, 
Lang Tang Valley Trek ,, 61050 ,, 8days ,, 4.8  ,, Private Tour   ,, Moderate ,, Mount Adventure Holidays ,, Tamang Heritage Trek ,, Adventure And Sport Activities ,, Trekking ,, 
Gokyo Lake Trek ,, 137500 ,, 15days ,, 5.0  ,, Private and Group Tour   ,, Medium ,, Nepal Guide Treks & Expedition ,, Gokyo Lakes Trek ,, Adventure And Sport Activities ,, Trekking ,, 
10-day Langtang Valley Trek ,, 52910 ,, 10days ,, 5.0  ,, Private Tour   ,, Easy ,, Himalayan Leisure Inc. ,, Langtang Trek ,, Adventure And Sport Activities ,, Trekking ,, 
03-Day Chitwan Jungle Safari Tour ,, 17600 ,, 3days ,, nan ,, Private Tour   ,, nan ,, Base Camp Adventure Treks & Expedition Pvt. Ltd ,, Chitwan National Park ,, Wildlife Landscapes And Nature ,, Rainforest and jungle visits ,, 
Everest Base Camp Trek ,, 272250 ,, 16days ,, 5.0  ,, Group Tour - Max 16 participants   ,, nan ,, Exodus Travels ,, Kathmandu ,, Adventure And Sport Activities ,, Trekking ,, 
Gokyo Valley Trek ,, 113300 ,, 11days ,, 5.0  ,, Private and Group Tour   ,, Medium ,, Unique Adventure International Pvt Ltd ,, Gokyo Lakes Trek ,, Adventure And Sport Activities ,, Trekking ,, 
Annapurna Base Camp Trek ,, 69850 ,, 11days ,, 5.0  ,, Private Tour   ,, Medium ,, Exciting Nepal Treks and Expedition ,, Annapurna Base Camp Trek ,, Adventure And Sport Activities ,, Trekking ,, 
Everest Base Camp - 3 High Passes Trek ,, 152900 ,, 16days ,, 5.0  ,, Private Tour   ,, Hard ,, Friends Adventure Team Pvt. Ltd ,, Everest Base Camp - 3 Passes Trek ,, Adventure And Sport Activities ,, Trekking ,, 
12-Day Annapurna Base Camp Trekking ,, 98890 ,, 12days ,, 5.0  ,, Private Tour   ,, Moderate ,, Trekking Planner (P.) Ltd ,, Annapurna Base Camp Trek ,, Adventure And Sport Activities ,, Trekking ,, 
Langtang Valley Trek ,, 43890 ,, 8days ,, 4.2  ,, Private Tour   ,, Moderate ,, Adventure Bound Treks and Tours ,, Langtang Trek ,, Adventure And Sport Activities ,, Trekking ,, 
Annapurna Base Camp Trek ,, 80850 ,, 8days ,, 5.0  ,, Private Tour   ,, Moderate ,, Unique Path Trekking & Expedition (P) LTD. ,, Annapurna Base Camp Trek ,, Adventure And Sport Activities ,, Trekking ,, 
Everest Base Camp Trek ,, 116050 ,, 11days ,, 5.0  ,, Private Tour   ,, Hard ,, Mount Adventure Holidays ,, Everest Base Camp Trek ,, Adventure And Sport Activities ,, Trekking ,, 
Everest Base Camp Trek With Island Peak Climbing ,, 214500 ,, 17days ,, 4.5  ,, Private Tour   ,, nan ,, Nepal Eco Adventure Pvt Ltd ,, Island Peak ,, Adventure And Sport Activities ,, Climbing ,, 
Manaslu Trek - 12 Days ,, 104500 ,, 12days ,, 4.5  ,, Private Tour   ,, Moderate ,, Nepal Lion Tours and Treks Pvt Ltd ,, Manaslu Trek ,, Adventure And Sport Activities ,, Trekking ,, 
Kolkata To Kathmandu (via Bhutan) Overland ,, 611600 ,, 15days ,, nan ,, Group Tour - Max 22 participants   ,, nan ,, Intrepid Travel ,, Kolkata ,, Air Tours Road Trips And Transfers ,, Overland Road trips ,, 
Annapurna Base Camp Trek ,, 91300 ,, 11days ,, 5.0  ,, Private Tour   ,, Moderate ,, Nepal Hiking Team ,, Annapurna Base Camp Trek ,, Adventure And Sport Activities ,, Trekking ,, 
Annapurna Base Camp Trek ,, 71500 ,, 8days ,, 5.0  ,, Private and Group Tour   ,, Moderate ,, Icicles Adventure Treks and Tours Pvt Ltd ,, Annapurna Base Camp Trek ,, Adventure And Sport Activities ,, Trekking ,, 
Annapurna Circuit Trek ,, 75900 ,, 16days ,, 4.8  ,, Private Tour   ,, Medium ,, Glorious Himalaya Trekking Pvt Ltd. ,, Annapurna Circuit Trek ,, Adventure And Sport Activities ,, Trekking ,, 
Walking Annapurna ,, 45650 ,, 5days ,, nan ,, Group Tour - Max 12 participants   ,, nan ,, Intrepid Travel ,, Pokhara ,, Adventure And Sport Activities ,, Trekking ,, 
Everest & Gokyo Lakes Circuit ,, 289850 ,, 19days ,, 4.9  ,, Group Tour - Max 16 participants   ,, nan ,, Exodus Travels ,, Kathmandu ,, Adventure And Sport Activities ,, Trekking ,, 
Poonhill Trek ,, 53900 ,, 6days ,, 4.9  ,, Private Tour   ,, Easy ,, Exciting Nepal Treks and Expedition ,, Poonhill Trek ,, Adventure And Sport Activities ,, Trekking ,, 
Everest Base Camp Trekking 12 Days ,, 116600 ,, 12days ,, 4.8  ,, Private Tour   ,, Hard ,, Nepal Lion Tours and Treks Pvt Ltd ,, Everest Base Camp Trek ,, Adventure And Sport Activities ,, Trekking ,, 
Everest & Annapurna ,, 325050 ,, 31days ,, nan ,, Group Tour - Max 16 participants   ,, Easy ,, Intrepid Travel ,, Kathmandu ,, Adventure And Sport Activities ,, Trekking ,, 
Upper Mustang Trek ,, 163900 ,, 12days ,, 5.0  ,, Private Tour   ,, nan ,, Himalayan Leisure Inc. ,, Upper Mustang Trek ,, Adventure And Sport Activities ,, Trekking ,, 
Annapurna Circuit Trek ,, 115500 ,, 20days ,, 4.9  ,, Private Tour   ,, Medium ,, Ace the Himalaya ,, Annapurna Circuit Trek ,, Adventure And Sport Activities ,, Trekking ,, 
Gokyo Renjo La Pass Trekking ,, 125400 ,, 13days ,, nan ,, Private Tour   ,, Moderate ,, Trekking Planner (P.) Ltd ,, Gokyo Lakes Trek ,, Adventure And Sport Activities ,, Trekking ,, 
Gokyo Valley Circuit Trek  ,, 110000 ,, 11days ,, 5.0  ,, Private Tour   ,, Medium ,, Green Valley Nepal Treks Pvt Ltd ,, Gokyo Lakes Trek ,, Adventure And Sport Activities ,, Trekking ,, 
Upper Mustang Trek ,, 195250 ,, 14days ,, 5.0  ,, Private Tour   ,, Medium ,, Green Valley Nepal Treks Pvt Ltd ,, Upper Mustang Trek ,, Adventure And Sport Activities ,, Trekking ,, 
Manaslu - Tsum Valley Trekking ,, 153450 ,, 21days ,, 4.0  ,, Private Tour   ,, Hard ,, Green Valley Nepal Treks Pvt Ltd ,, Manaslu-Tsum Valley ,, Adventure And Sport Activities ,, Trekking ,, 
Mera Peak Climbing Tour  ,, 226050 ,, 18days ,, 5.0  ,, Private and Group Tour   ,, nan ,, Nepal Guide Treks & Expedition ,, Mera Peak ,, Adventure And Sport Activities ,, Climbing ,, 
Kanchanjunga Base Camp Trek ,, 203500 ,, 25days ,, 4.9  ,, Private Tour   ,, Hard ,, Nepal Eco Adventure Pvt Ltd ,, Kanchenjunga Base Camp ,, Adventure And Sport Activities ,, Trekking ,, 
Gokyo And Everest Base Camp Trek ,, 118250 ,, 15days ,, 5.0  ,, Private Tour   ,, Medium ,, Unique Path Trekking & Expedition (P) LTD. ,, Gokyo And Everest Base Camp Trek ,, Adventure And Sport Activities ,, Trekking ,, 
Highlights Of Nepal ,, 59840 ,, 11days ,, 4.2  ,, Group Tour - Max 10 participants   ,, nan ,, Tucan Travel ,, Kathmandu ,, Adventure And Sport Activities ,, Adventure ,, 
10-day Gosainkunda Trekking Nepal ,, 51040 ,, 10days ,, 4.0  ,, Private Tour   ,, nan ,, Himalayan Leisure Inc. ,, Langtang Trek ,, Adventure And Sport Activities ,, Trekking ,, 
Joint Treks Of Langtang And Poon Hill - 12 Days ,, 94050 ,, 12days ,, 4.5  ,, Private Tour   ,, Easy ,, Nepal Lion Tours and Treks Pvt Ltd ,, Poonhill Trek ,, Adventure And Sport Activities ,, Trekking ,, 
Annapurna Base Camp Trek ,, 87890 ,, 14days ,, 5.0  ,, Private Tour   ,, Moderate ,, Ace the Himalaya ,, Annapurna Base Camp Trek ,, Adventure And Sport Activities ,, Trekking ,, 
Annapurna Sanctuary Trek ,, 86900 ,, 13days ,, 5.0  ,, Private and Group Tour   ,, Medium ,, Icicles Adventure Treks and Tours Pvt Ltd ,, Annapurna Base Camp Trek ,, Adventure And Sport Activities ,, Trekking ,, 
Annapurna Base Camp/PoonHill Trekking ,, 71500 ,, 12days ,, 4.8  ,, Private Tour   ,, Hard ,, Nepal Lion Tours and Treks Pvt Ltd ,, Annapurna Base Camp Trek ,, Adventure And Sport Activities ,, Trekking ,, 
Poonhill Short Trek ,, 33000 ,, 4days ,, nan ,, Private Tour   ,, Easy ,, Adventure Bound Treks and Tours ,, Poonhill Trek ,, Adventure And Sport Activities ,, Trekking ,, 
Mera Island & Lobuche: Three Peak Climb ,, 413270 ,, 28days ,, 5.0  ,, Private and Group Tour   ,, nan ,, Nepal Guide Treks & Expedition ,, Mera Peak ,, Adventure And Sport Activities ,, Climbing ,, 
14 Day Everest Base Camp Trek ,, 142890 ,, 14days ,, 5.0  ,, Private Tour   ,, Hard ,, Kandoo Adventures ,, Everest Base Camp Trek ,, Adventure And Sport Activities ,, Trekking ,, 
High Passes To Everest Base Camp ,, 306350 ,, 21days ,, 4.8  ,, Group Tour - Max 16 participants   ,, nan ,, Exodus Travels ,, Kathmandu ,, Adventure And Sport Activities ,, Trekking ,, 
Annapurna Base Camp Trekking  ,, 61600 ,, 12days ,, 5.0  ,, Private Tour   ,, Moderate ,, Adventure Bound Treks and Tours ,, Annapurna Base Camp Trek ,, Adventure And Sport Activities ,, Trekking ,, 
Annapurna Panorama Trek ,, 60500 ,, 9days ,, 5.0  ,, Private Tour   ,, Easy ,, Nepal Eco Adventure Pvt Ltd ,, Annapurna Panorama Trek ,, Adventure And Sport Activities ,, Trekking ,, 
Gokyo And Everest Base Camp ,, 138600 ,, 16days ,, 5.0  ,, Group Tour - Max 12 participants   ,, Hard ,, Mosaic Adventure ,, Gokyo And Everest Base Camp Trek ,, Adventure And Sport Activities ,, Trekking ,, 
Bardia National Park 5 Days/ 4 Nights ,, 33000 ,, 5days ,, nan ,, Private Tour   ,, nan ,, Eyes On Nepal Tours & Treks Pvt.Ltd ,, Bardia National Park ,, Wildlife Landscapes And Nature ,, Wildlife safaris ,, 
Everest Panorama Trek ,, 101750 ,, 7days ,, 5.0  ,, Private Tour   ,, Moderate ,, Nepal Hiking Team ,, Everest Panorama Trek ,, Adventure And Sport Activities ,, Trekking ,, 
Chulu Far East Peak Climbing ,, 226050 ,, 20days ,, 4.7  ,, Private and Group Tour   ,, nan ,, Nepal Guide Treks & Expedition ,, Chulu East Peak ,, Adventure And Sport Activities ,, Climbing ,, 
Chulu West Peak Climb ,, 229900 ,, 17days ,, 4.7  ,, Private Tour   ,, nan ,, Unique Adventure International Pvt Ltd ,, Chulu West Peak ,, Adventure And Sport Activities ,, Climbing ,, 
Mardi Himal Trekking ,, 55000 ,, 8days ,, 5.0  ,, Private and Group Tour   ,, Moderate ,, Nepal Eco Adventure Pvt Ltd ,, Mardi Himal Trek ,, Adventure And Sport Activities ,, Trekking ,, 
Langtang Gosaikunda Trek ,, 104500 ,, 13days ,, 4.0  ,, Private and Group Tour   ,, Medium ,, Icicles Adventure Treks and Tours Pvt Ltd ,, Langtang Trek ,, Adventure And Sport Activities ,, Trekking ,, 
Poonhill Trekking ,, 59950 ,, 6days ,, 4.7  ,, Private Tour   ,, Easy ,, Adventure Bound Treks and Tours ,, Poonhill Trek ,, Adventure And Sport Activities ,, Trekking ,, 
Annapurna Circuit ,, 255750 ,, 22days ,, 4.6  ,, Group Tour - Max 16 participants   ,, nan ,, Exodus Travels ,, Kathmandu ,, Adventure And Sport Activities ,, Trekking ,, 
Everest Base Camp And Three Passes Trek ,, 170500 ,, 16days ,, 5.0  ,, Private and Group Tour   ,, Hard ,, Icicles Adventure Treks and Tours Pvt Ltd ,, Everest Base Camp - 3 Passes Trek ,, Adventure And Sport Activities ,, Trekking ,, 
Manaslu Lodge Circuit ,, 272250 ,, 18days ,, 4.9  ,, Group Tour - Max 14 participants   ,, nan ,, Exodus Travels ,, Kathmandu ,, Sightseeing Attractions Culture And History ,, Walking tours ,, 
Gokyo Everest Base Camp Trek ,, 152900 ,, 16days ,, 5.0  ,, Private Tour   ,, Hard ,, Friends Adventure Team Pvt. Ltd ,, Gokyo And Everest Base Camp Trek ,, Adventure And Sport Activities ,, Trekking ,, 
Wonders Of India And Nepal ,, 131890 ,, 29days ,, 4.5  ,, Group Tour - Max 10 participants   ,, nan ,, Tucan Travel ,, Delhi ,, Adventure And Sport Activities ,, Adventure ,, 
Nepal 10 Days 9 Nights Sightseeing Tour Around In Nepal ,, 88000 ,, 10days ,, nan ,, Private Tour   ,, nan ,, Eyes On Nepal Tours & Treks Pvt.Ltd ,, Kathmandu ,, Sightseeing Attractions Culture And History ,, Sightseeing Tours ,, 
Everest Base Camp & Kalapathar Trek ,, 93390 ,, 12days ,, nan ,, Private Tour   ,, Hard ,, Base Camp Adventure Treks & Expedition Pvt. Ltd ,, Everest Base Camp Trek ,, Adventure And Sport Activities ,, Trekking ,, 
Ruby Valley Ganesh Himal Trek / Pangsang Pass ,, 65890 ,, 6days ,, 4.3  ,, Private Tour   ,, Moderate ,, Mount Adventure Holidays ,, Ruby Valley ,, Adventure And Sport Activities ,, Trekking ,, 
Annapurna Circuit Trek ,, 151250 ,, 21days ,, 5.0  ,, Private Tour   ,, Hard ,, Breakfree Adventures Pvt Ltd ,, Annapurna Circuit Trek ,, Adventure And Sport Activities ,, Trekking ,, 
Langtang Valley Trek ,, 52250 ,, 10days ,, nan ,, Private Tour   ,, Moderate ,, Glorious Himalaya Trekking Pvt Ltd. ,, Langtang Trek ,, Adventure And Sport Activities ,, Trekking ,, 
Everest Base Camp Heli Trek ,, 339900 ,, 9days ,, nan ,, Private Tour   ,, Hard ,, Icicles Adventure Treks and Tours Pvt Ltd ,, Everest Base Camp Trek ,, Adventure And Sport Activities ,, Trekking ,, 
Around Kathmandu Trek ,, 44000 ,, 6days ,, 5.0  ,, Private Tour   ,, nan ,, Ace the Himalaya ,, Kathmandu ,, Adventure And Sport Activities ,, Trekking ,, 
Mera Peak Climbing ,, 214500 ,, 16days ,, 5.0  ,, Private and Group Tour   ,, nan ,, Nepal Eco Adventure Pvt Ltd ,, Mera Peak ,, Adventure And Sport Activities ,, Climbing ,, 
Nepal Multi Sports Adventure ,, 132000 ,, 11days ,, 5.0  ,, Private Tour   ,, nan ,, Ace the Himalaya ,, Kathmandu ,, Adventure And Sport Activities ,, Adventure ,, 
Langtang Circuit Trekking ,, 82500 ,, 14days ,, 5.0  ,, Private and Group Tour   ,, Moderate ,, Nepal Eco Adventure Pvt Ltd ,, Langtang Trek ,, Adventure And Sport Activities ,, Trekking ,, 
Everest Panorama Trekking - Private Trip ,, 95700 ,, 7days ,, nan ,, Private Tour   ,, Easy ,, Adventure Bound Treks and Tours ,, Everest Panorama Trek ,, Adventure And Sport Activities ,, Trekking ,, 
Manaslu Trek ,, 89650 ,, 14days ,, nan ,, Private Tour   ,, Medium ,, Unique Path Trekking & Expedition (P) LTD. ,, Manaslu Trek ,, Adventure And Sport Activities ,, Trekking ,, 
Everest View Trek ,, 87890 ,, 7days ,, 4.0  ,, Private Tour   ,, Moderate ,, Mount Adventure Holidays ,, Everest Panorama Trek ,, Adventure And Sport Activities ,, Trekking ,, 
Annapurna Himalayan Trek ,, 66000 ,, 10days ,, 5.0  ,, Private Tour   ,, Easy ,, Ace the Himalaya ,, Poonhill Trek ,, Adventure And Sport Activities ,, Trekking ,, 
Yala Peak Climbing Adventure  ,, 173690 ,, 16 days ,, 5.0  ,, Private and Group Tour   ,, nan ,, Nepal Guide Treks & Expedition ,, Yala Peak ,, Adventure And Sport Activities ,, Climbing ,, 
Gokyo + Cho La Pass Trekking Adventure  ,, 137940 ,, 16days ,, 5.0  ,, Private Tour   ,, Medium ,, Trekking Planner (P.) Ltd ,, Gokyo And Everest Base Camp Trek ,, Adventure And Sport Activities ,, Trekking ,, 
Everest Base Camp Trek ,, 122100 ,, 12days ,, nan ,, Private and Group Tour   ,, Medium ,, Glorious Himalaya Trekking Pvt Ltd. ,, Everest Base Camp Trek ,, Adventure And Sport Activities ,, Trekking ,, 
Annapurna Base Camp Trek ,, 51700 ,, 10days ,, 5.0  ,, Private Tour   ,, Moderate ,, Glorious Himalaya Trekking Pvt Ltd. ,, Annapurna Base Camp Trek ,, Adventure And Sport Activities ,, Trekking ,, 
Everest Panorama View Trek ,, 74800 ,, 7days ,, nan ,, Private Tour   ,, Easy ,, Glorious Himalaya Trekking Pvt Ltd. ,, Everest Panorama Trek ,, Adventure And Sport Activities ,, Trekking ,, 
Island Peak Climbing From Chhukung ,, 104500 ,, 3days ,, nan ,, Group Tour - Max 20 participants   ,, nan ,, Green Valley Nepal Treks Pvt Ltd ,, Island Peak ,, Adventure And Sport Activities ,, Climbing ,, 
Gokyo Lakes And Gokyo Ri Trek ,, 126500 ,, 11days ,, 5.0  ,, Private and Group Tour   ,, Hard ,, Icicles Adventure Treks and Tours Pvt Ltd ,, Gokyo Lakes Trek ,, Adventure And Sport Activities ,, Trekking ,, 
Glimpse Of Nepal ,, 88000 ,, 8days ,, nan ,, Private Tour   ,, nan ,, Ace the Himalaya ,, Kathmandu ,, Sightseeing Attractions Culture And History ,, Cultural religious and historic sites ,, 
Mount Everest Overland Jeep Tour - Tibet ,, 181060 ,, 13days ,, nan ,, Private Tour   ,, nan ,, Himalayan Trekking and Tours (P) Ltd ,, Lhasa ,, Adventure And Sport Activities ,, Adventure ,, 
Everest Base Camp -Lobuche East Peak Climbing ,, 203500 ,, 14days ,, nan ,, Private Tour   ,, nan ,, Nepal Eco Adventure Pvt Ltd ,, Lobuche East Peak ,, Adventure And Sport Activities ,, Trekking ,, 
Everest Gokyo Lake Trek ,, 97900 ,, 12days ,, 3.5  ,, Private Tour   ,, Medium ,, Glorious Himalaya Trekking Pvt Ltd. ,, Gokyo Lakes Trek ,, Adventure And Sport Activities ,, Trekking ,, 
Manaslu-Tsum Valley Trek ,, 154000 ,, 21days ,, 5.0  ,, Private Tour   ,, Hard ,, Nepal Eco Adventure Pvt Ltd ,, Manaslu-Tsum Valley ,, Adventure And Sport Activities ,, Trekking ,, 
India To Nepal ,, 115390 ,, 19days ,, 5.0  ,, Group Tour - Max 10 participants   ,, nan ,, Tucan Travel ,, Delhi ,, Adventure And Sport Activities ,, Adventure ,, 
Annapurna Panorama Trek ,, 94600 ,, 12days ,, 5.0  ,, Private Tour   ,, Moderate ,, Buddha Treks and Expedition ,, Annapurna Panorama Trek ,, Adventure And Sport Activities ,, Trekking ,, 
Annapurna Sanctuary Trek ,, 187550 ,, 15days ,, 4.6  ,, Group Tour - Max 16 participants   ,, nan ,, Exodus Travels ,, Kathmandu ,, Adventure And Sport Activities ,, Trekking ,, 
Island Peak With Everest Base Camp ,, 225500 ,, 17days ,, 4.0  ,, Private Tour   ,, nan ,, Exciting Nepal Treks and Expedition ,, Island Peak ,, Adventure And Sport Activities ,, Climbing ,, 
Makalu Basecamp Trek ,, 204050 ,, 15days ,, 5.0  ,, Private Tour   ,, Medium ,, Mount Adventure Holidays ,, Makalu Base Camp Trek ,, Adventure And Sport Activities ,, Trekking ,, 
Ghorepani Poon Hill Trek ,, 65450 ,, 10days ,, 5.0  ,, Private Tour   ,, Easy ,, Breakfree Adventures Pvt Ltd ,, Poonhill Trek ,, Adventure And Sport Activities ,, Trekking ,, 
Everest Base Camp - 3 Passes Adventure Trek ,, 162800 ,, 21days ,, 5.0  ,, Private Tour   ,, Hard ,, Buddha Treks and Expedition ,, Everest Base Camp - 3 Passes Trek ,, Adventure And Sport Activities ,, Trekking ,, 
Island Peak Climbing With Everest Base Camp Trek ,, 218900 ,, 16days ,, 5.0  ,, Private Tour   ,, Hard ,, Icicles Adventure Treks and Tours Pvt Ltd ,, Island Peak ,, Adventure And Sport Activities ,, Trekking ,, 
Essential India & Nepal ,, 151800 ,, 16days ,, nan ,, Group Tour - Max 12 participants   ,, nan ,, Travel Talk ,, Delhi Tours ,, Explorer ,, Explorer ,, 
Lobuche Peak With The Everest Base Camp Trek ,, 226050 ,, 18days ,, 5.0  ,, Private and Group Tour   ,, nan ,, Nepal Guide Treks & Expedition ,, Lobuche East Peak ,, Adventure And Sport Activities ,, Climbing ,, 
Manaslu Circuit Trek ,, 119900 ,, 15days ,, nan ,, Private Tour   ,, Hard ,, Icicles Adventure Treks and Tours Pvt Ltd ,, Manaslu Trek ,, Adventure And Sport Activities ,, Trekking ,, 
Langtang Valley Trekking  ,, 53350 ,, 7days ,, nan ,, Private Tour   ,, Moderate ,, Green Valley Nepal Treks Pvt Ltd ,, Langtang Trek ,, Adventure And Sport Activities ,, Trekking ,, 
Annapurna Circuit Trek  ,, 98890 ,, 16days ,, nan ,, Private Tour   ,, Medium ,, Adventure Bound Treks and Tours ,, Annapurna Circuit Trek ,, Adventure And Sport Activities ,, Trekking ,, 
Kathmandu To Delhi ,, 160050 ,, 15days ,, 4.0  ,, Group Tour - Max 12 participants   ,, nan ,, Intrepid Travel ,, Kathmandu Tours ,, Explorer ,, Explorer ,, 
Manaslu Circuit Trek ,, 131890 ,, 14 days ,, 5.0  ,, Private Tour   ,, Moderate ,, Mount Adventure Holidays ,, Manaslu Trek ,, Adventure And Sport Activities ,, Trekking ,, 
11 Days EBC Trek Fly-out By Helicopter ,, 296450 ,, 11days ,, nan ,, Private Tour   ,, nan ,, Breakfree Adventures Pvt Ltd ,, Everest Base Camp Trek ,, Adventure And Sport Activities ,, Trekking ,, 
Manaslu Trek  ,, 133650 ,, 14days ,, 5.0  ,, Private Tour   ,, Hard ,, Exciting Nepal Treks and Expedition ,, Manaslu Trek ,, Adventure And Sport Activities ,, Trekking ,, 
Annapurna Base Camp Trek ,, 68200 ,, 11days ,, 5.0  ,, Private Tour   ,, Medium ,, Breakfree Adventures Pvt Ltd ,, Annapurna Base Camp Trek ,, Adventure And Sport Activities ,, Trekking ,, 
Annapurna Circuit Trek ,, 156640 ,, 18days ,, 3.0  ,, Group Tour - Max 15 participants   ,, nan ,, G Adventures ,, Annapurna Circuit Trek ,, Adventure And Sport Activities ,, Trekking ,, 
Mini Annapurna Circuit ,, 221650 ,, 15days ,, 5.0  ,, Group Tour - Max 16 participants   ,, nan ,, Exodus Travels ,, Kathmandu ,, Adventure And Sport Activities ,, Trekking ,, 
Annapurna Panorama - 13 Days ,, 225170 ,, 13days ,, nan ,, Group Tour - Max 15 participants   ,, nan ,, On The Go Tours ,, Annapurna Panorama Trek ,, Adventure And Sport Activities ,, Trekking ,, 
Sun Kosi River Rafting ,, 77000 ,, 1days ,, 5.0  ,, Group Tour   ,, nan ,, GRG Adventure Kayaking ,, Sun Koshi River ,, Boat Tours Water Sports And Marine Wildlife ,, Rafting ,, 
Gosaikunda Trekking 7-Days ,, 55000 ,, 7days ,, 5.0  ,, Private Tour   ,, Medium ,, Nepal Lion Tours and Treks Pvt Ltd ,, Langtang Trek ,, Adventure And Sport Activities ,, Trekking ,, 
Everest In Full Picture ,, 121550 ,, 5days ,, nan ,, Group Tour - Max 12 participants   ,, nan ,, Intrepid Travel ,, Kathmandu ,, Adventure And Sport Activities ,, Trekking ,, 
Inside-Out Kathmandu ,, 47080 ,, 4days ,, nan ,, Group Tour - Max 12 participants   ,, nan ,, Intrepid Travel ,, Kathmandu ,, Beach Romance Getaways And Relaxation ,, Getaways and Short breaks ,, 
Langtang Valley Trek ,, 58850 ,, 8days ,, 5.0  ,, Private Tour   ,, Moderate ,, Exciting Nepal Treks and Expedition ,, Langtang Trek ,, Adventure And Sport Activities ,, Trekking ,, 
Nepal Adventure ,, 133100 ,, 10days ,, nan ,, Group Tour - Max 15 participants   ,, nan ,, G Adventures ,, Kathmandu ,, Wildlife Landscapes And Nature ,, Wildlife ,, 
Kathmandu And Pokhara Tour ,, 72050 ,, 5days ,, 5.0  ,, Private Tour   ,, nan ,, Breakfree Adventures Pvt Ltd ,, Pokhara ,, Sightseeing Attractions Culture And History ,, Sightseeing Tours ,, 
Cultural Tour Of Kathmandu Valley ,, 65450 ,, 6days ,, nan ,, Private Tour   ,, nan ,, Breakfree Adventures Pvt Ltd ,, Kathmandu ,, Sightseeing Attractions Culture And History ,, Sightseeing Tours ,, 
Experience Nepal ,, 176000 ,, 15days ,, 5.0  ,, Private Tour   ,, Easy ,, Ace the Himalaya ,, Kathmandu ,, Adventure And Sport Activities ,, Trekking ,, 
Annapurna & Chitwan In Luxury ,, 435050 ,, 13days ,, 4.8  ,, Group Tour - Max 12 participants   ,, nan ,, Exodus Travels ,, Kathmandu ,, Adventure And Sport Activities ,, Trekking ,, 
Langtang Trek ,, 75900 ,, 10days ,, 5.0  ,, Private Tour   ,, Easy ,, Trek Nepal Intl PVT.LTD ,, Langtang Trek ,, Adventure And Sport Activities ,, Trekking ,, 
Everest Base Camp Trekking ,, 167750 ,, 14days ,, 5.0  ,, Private Tour   ,, Medium ,, Trek Nepal Intl PVT.LTD ,, Everest Base Camp Trek ,, Adventure And Sport Activities ,, Trekking ,, 
Classic Nepal Experience ,, 97900 ,, 8days ,, 5.0  ,, Private Tour   ,, nan ,, Unique Adventure International Pvt Ltd ,, Kathmandu ,, Sightseeing Attractions Culture And History ,, Sightseeing Tours ,, 
Upper Dolpo (Dolpa) Trek ,, 449900 ,, 28days ,, nan ,, Private Tour   ,, Hard ,, Unique Adventure International Pvt Ltd ,, Upper Dolpo Trek ,, Adventure And Sport Activities ,, Trekking ,, 
Langtang Valley View Treks 8-Days ,, 55000 ,, 8days ,, nan ,, Private Tour   ,, Moderate ,, Nepal Lion Tours and Treks Pvt Ltd ,, Langtang Trek ,, Adventure And Sport Activities ,, Trekking ,, 
Nepal And Tibet Tour ,, 237600 ,, 12days ,, nan ,, Private Tour   ,, nan ,, Himalayan Trekking and Tours (P) Ltd ,, Lhasa ,, Wildlife Landscapes And Nature ,, Wildlife safaris ,, 
Kanchenjunga Base Camp Trek ,, 214500 ,, 20days ,, nan ,, Private Tour   ,, Medium ,, Adventure Bound Treks and Tours ,, Kanchenjunga Base Camp ,, Adventure And Sport Activities ,, Trekking ,, 
Everest Base Camp & Gokyo Lakes ,, 221650 ,, 19days ,, nan ,, Group Tour - Max 12 participants   ,, nan ,, Intrepid Travel ,, Kathmandu ,, Adventure And Sport Activities ,, Trekking ,, 
Mera Peak Climbing ,, 246950 ,, 20days ,, 5.0  ,, Private Tour   ,, nan ,, Buddha Treks and Expedition ,, Mera Peak ,, Adventure And Sport Activities ,, Climbing ,, 
1 Hour Scenic Mt. Everest Flight ,, 24090 ,, 1hours ,, 4.9  ,, Group Tour   ,, nan ,, Breakfree Adventures Pvt Ltd ,, Kathmandu ,, Air Tours Road Trips And Transfers ,, Mountain flights ,, 
Nar Phu Valley Trek ,, 98890 ,, 9days ,, 5.0  ,, Private Tour   ,, Medium ,, Mount Adventure Holidays ,, Nar Phu Valley Trek ,, Adventure And Sport Activities ,, Trekking ,, 
Chitwan National Park Safari ,, 17600 ,, 3days ,, nan ,, Private Tour   ,, nan ,, Himalayan Trekking and Tours (P) Ltd ,, Chitwan National Park ,, Wildlife Landscapes And Nature ,, Wildlife safaris ,, 
Tamang Heritage Trail Trekking  ,, 68750 ,, 9days ,, nan ,, Private Tour   ,, Moderate ,, Exciting Nepal Treks and Expedition ,, Langtang Trek ,, Adventure And Sport Activities ,, Trekking ,, 
Helambu Culture Trek ,, 65890 ,, 6days ,, nan ,, Private Tour   ,, Easy ,, Mount Adventure Holidays ,, Langtang Trek ,, Adventure And Sport Activities ,, Trekking ,, 
Dhampus Peak Climbing ,, 313500 ,, 24days ,, nan ,, Private and Group Tour   ,, nan ,, Nepal Guide Treks & Expedition ,, Dhampus Peak ,, Adventure And Sport Activities ,, Climbing ,, 
Explore Kathmandu ,, 45650 ,, 6days ,, 4.5  ,, Private Tour   ,, nan ,, Ace the Himalaya ,, Kathmandu ,, Sightseeing Attractions Culture And History ,, Cultural religious and historic sites ,, 
Mardi Himal Trek ,, 71500 ,, 9days ,, nan ,, Private Tour   ,, Moderate ,, Icicles Adventure Treks and Tours Pvt Ltd ,, Mardi Himal Trek ,, Adventure And Sport Activities ,, Trekking ,, 
Mera Peak Climbing - 15 Days ,, 218900 ,, 15days ,, nan ,, Group Tour - Max 12 participants   ,, nan ,, Icicles Adventure Treks and Tours Pvt Ltd ,, Mera Peak ,, Adventure And Sport Activities ,, Climbing ,, 
Langtang Trek ,, 63250 ,, 8days ,, nan ,, Private Tour   ,, Moderate ,, Outshine Adventure Pvt Ltd ,, Langtang Trek ,, Adventure And Sport Activities ,, Trekking ,, 
Short Annapurna Base Camp ,, 82500 ,, 8days ,, nan ,, Private Tour   ,, Moderate ,, Adventure Mountain Explore Pvt Ltd ,, Annapurna Base Camp Trek ,, Adventure And Sport Activities ,, Trekking ,, 
Chitwan Extension ,, 73480 ,, 4days ,, nan ,, Group Tour - Max 12 participants   ,, nan ,, Intrepid Travel ,, Kathmandu ,, Wildlife Landscapes And Nature ,, Rainforest and jungle visits ,, 
Tour Of Kathmandu Pokhara & Chitwan ,, 82500 ,, 8days ,, nan ,, Private Tour   ,, nan ,, Breakfree Adventures Pvt Ltd ,, Kathmandu ,, Sightseeing Attractions Culture And History ,, Sightseeing Tours ,, 
Chitwan National Park Safari ,, 19800 ,, 3days ,, nan ,, Private Tour   ,, nan ,, Adventure Bound Treks and Tours ,, Chitwan National Park ,, Wildlife Landscapes And Nature ,, National parks ,, 
Green Park Chitwan - 4 Days ,, 34760 ,, 4days ,, nan ,, Private Tour   ,, nan ,, Master Himalaya Treks and Expedition Pvt Ltd ,, Chitwan National Park ,, Wildlife Landscapes And Nature ,, Rainforest and jungle visits ,, 
Upper Mustang - Lo Manthang Trek ,, 203500 ,, 18days ,, 5.0  ,, Private Tour   ,, Medium ,, Buddha Treks and Expedition ,, Upper Mustang Trek ,, Adventure And Sport Activities ,, Trekking ,, 
Nepal Tour 5 Night 6 Days ,, 94050 ,, 6days ,, nan ,, Private Tour   ,, nan ,, Nepal Lion Tours and Treks Pvt Ltd ,, Chitwan National Park ,, Wildlife Landscapes And Nature ,, Rainforest and jungle visits ,, 
Green Park Chitwan Adventure 3 Days ,, 24640 ,, 3days ,, nan ,, Private Tour   ,, nan ,, Master Himalaya Treks and Expedition Pvt Ltd ,, Chitwan National Park ,, Wildlife Landscapes And Nature ,, Wildlife ,, 
Ganesh Himal Trekking Tour ,, 131450 ,, 14days ,, nan ,, Group Tour   ,, Moderate ,, Outshine Adventure Pvt Ltd ,, Ganesh Himal ,, Adventure And Sport Activities ,, Trekking ,, 
Annapurna Base Camp Tour ,, 105600 ,, 12days ,, 5.0  ,, Private Tour   ,, Medium ,, Mosaic Adventure ,, Annapurna Base Camp Trek ,, Adventure And Sport Activities ,, Trekking ,, 
Everest Three High Passes Trek ,, 152900 ,, 17days ,, nan ,, Private Tour   ,, Medium ,, Adventure Bound Treks and Tours ,, Everest Base Camp - 3 Passes Trek ,, Adventure And Sport Activities ,, Trekking ,, 
Poon Hill Trek ,, 27500 ,, 4days ,, 5.0  ,, Private Tour   ,, Medium ,, Base Camp Adventure Treks & Expedition Pvt. Ltd ,, Poonhill Trek ,, Adventure And Sport Activities ,, Trekking ,, 
Annapurna Sanctuary ,, 102080 ,, 15days ,, nan ,, Group Tour - Max 15 participants   ,, nan ,, G Adventures ,, Annapurna Base Camp Trek ,, Adventure And Sport Activities ,, Trekking ,, 
Everest Base Camp - 3 Passes Trek ,, 141350 ,, 17days ,, 5.0  ,, Private Tour   ,, Hard ,, Exciting Nepal Treks and Expedition ,, Everest Base Camp - 3 Passes Trek ,, Adventure And Sport Activities ,, Trekking ,, 
Gokyo Lake Trek ,, 98450 ,, 12days ,, 5.0  ,, Private Tour   ,, Medium ,, Exciting Nepal Treks and Expedition ,, Gokyo Lakes Trek ,, Adventure And Sport Activities ,, Trekking ,, 
Kanchanjunga Trekking  ,, 236500 ,, 21days ,, nan ,, Private Tour   ,, Hard ,, Exciting Nepal Treks and Expedition ,, Kanchenjunga Base Camp ,, Adventure And Sport Activities ,, Trekking ,, 
Mohare Danda Trek ,, 63250 ,, 11days ,, 5.0  ,, Private Tour   ,, Easy ,, Glorious Himalaya Trekking Pvt Ltd. ,, Kathmandu ,, Adventure And Sport Activities ,, Trekking ,, 
Himalaya & Everest View Trek 3D/2N ,, 26070 ,, 3days ,, nan ,, Private Tour   ,, nan ,, Bamba Experience ,, Kathmandu Tours ,, Explorer ,, Explorer ,, 
Upper Mustang Trek ,, 136400 ,, 15days ,, 5.0  ,, Private Tour   ,, Medium ,, Himalayan Trekking and Tours (P) Ltd ,, Upper Mustang Trek ,, Adventure And Sport Activities ,, Trekking ,, 
Kolkata To Kathmandu Overland ,, 143550 ,, 16days ,, 4.0  ,, Group Tour - Max 22 participants   ,, nan ,, Intrepid Travel ,, Kolkata ,, Air Tours Road Trips And Transfers ,, Overland Road trips ,, 
Lobuche East Peak Climb With Everest Base Camp Trek ,, 218900 ,, 16days ,, nan ,, Private Tour   ,, nan ,, Unique Adventure International Pvt Ltd ,, Lobuche East Peak ,, Adventure And Sport Activities ,, Climbing ,, 
Mera Peak 6470m ,, 242000 ,, 14days ,, nan ,, Private Tour   ,, nan ,, Mount Adventure Holidays ,, Mera Peak ,, Adventure And Sport Activities ,, Climbing ,, 
Lumba-Sumba Trek ,, 270050 ,, 20days ,, nan ,, Private Tour   ,, Medium ,, Mount Adventure Holidays ,, Lumba Sumba Trek ,, Adventure And Sport Activities ,, Trekking ,, 
Upper Dolpo ,, 330000 ,, 21days ,, nan ,, Private Tour   ,, nan ,, Nepal Eco Adventure Pvt Ltd ,, Upper Dolpo Trek ,, Adventure And Sport Activities ,, Trekking ,, 
Manaslu Trek ,, 178750 ,, 20days ,, 5.0  ,, Private Tour   ,, Medium ,, Outshine Adventure Pvt Ltd ,, Manaslu Trek ,, Adventure And Sport Activities ,, Trekking ,, 
Chitwan Jungle Safari - 2 Nights And 3 Days  ,, 32450 ,, 3days ,, nan ,, Private Tour   ,, nan ,, Friends Adventure Team Pvt. Ltd ,, Chitwan National Park ,, Wildlife Landscapes And Nature ,, Rainforest and jungle visits ,, 
Kanchenjunga Base Camp Trek ,, 269500 ,, 26days ,, nan ,, Private Tour   ,, Hard ,, Glorious Himalaya Trekking Pvt Ltd. ,, Kanchenjunga Base Camp ,, Adventure And Sport Activities ,, Trekking ,, 
Manaslu Trek ,, 109890 ,, 15days ,, nan ,, Private and Group Tour   ,, Medium ,, Adventure Bound Treks and Tours ,, Manaslu Trek ,, Adventure And Sport Activities ,, Trekking ,, 
Langtang Gosainkunda Trek ,, 58850 ,, 12days ,, nan ,, Private Tour   ,, Hard ,, Base Camp Adventure Treks & Expedition Pvt. Ltd ,, Langtang Trek ,, Adventure And Sport Activities ,, Trekking ,, 
Kailash Saga Dawa Festival ,, 574640 ,, 21days ,, nan ,, Group Tour - Max 16 participants   ,, nan ,, G Adventures ,, Beijing Tours ,, Explorer ,, Explorer ,, 
Dhampus Peak Climb ,, 229900 ,, 11days ,, nan ,, Private Tour   ,, nan ,, Unique Adventure International Pvt Ltd ,, Dhampus Peak ,, Adventure And Sport Activities ,, Climbing ,, 
Annapurna Circuit Trek 13 Days ,, 96250 ,, 13days ,, nan ,, Private Tour   ,, Hard ,, Nepal Lion Tours and Treks Pvt Ltd ,, Annapurna Circuit Trek ,, Adventure And Sport Activities ,, Trekking ,, 
Annapurna Base Camp Trek ,, 219340 ,, 16days ,, nan ,, Group Tour - Max 16 participants   ,, nan ,, World Expeditions ,, Kathmandu ,, Adventure And Sport Activities ,, Trekking ,, 
Mustang And High Passes Trek ,, 317900 ,, 27days ,, nan ,, Private Tour   ,, Hard ,, Unique Adventure International Pvt Ltd ,, Upper Mustang Trek ,, Adventure And Sport Activities ,, Trekking ,, 
Highlights Of Nepal - 9 Days ,, 140580 ,, 9days ,, nan ,, Group Tour - Max 15 participants   ,, nan ,, On The Go Tours ,, Kathmandu Tours ,, Explorer ,, Explorer ,, 
Annapurna Base Camp Trek And Tent Peak Climbing - 14 Days ,, 185900 ,, 14days ,, nan ,, Group Tour - Max 10 participants   ,, nan ,, Icicles Adventure Treks and Tours Pvt Ltd ,, Tent Peak ,, Adventure And Sport Activities ,, Climbing ,, 
Essential Nepal ,, 84920 ,, 9days ,, nan ,, Group Tour - Max 12 participants   ,, nan ,, Travel Talk ,, Kathmandu Tours ,, Explorer ,, Explorer ,, 
Everest 3 Passes Trek ,, 121000 ,, 16 days ,, nan ,, Private Tour   ,, Hard ,, Base Camp Adventure Treks & Expedition Pvt. Ltd ,, Everest Base Camp - 3 Passes Trek ,, Adventure And Sport Activities ,, Trekking ,, 
Tamang Heritage Trek ,, 55000 ,, 7days ,, 5.0  ,, Private and Group Tour   ,, Moderate ,, Nepal Eco Adventure Pvt Ltd ,, Langtang Trek ,, Adventure And Sport Activities ,, Trekking ,, 
Upper Dolpo Trek - Private Tour ,, 503360 ,, 22days ,, nan ,, Private Tour   ,, Hard ,, Adventure Bound Treks and Tours ,, Upper Dolpo Trek ,, Adventure And Sport Activities ,, Trekking ,, 
Manaslu Circuit Trek ,, 100100 ,, 17days ,, 5.0  ,, Private Tour   ,, Hard ,, Himalayan Trekking and Tours (P) Ltd ,, Manaslu Trek ,, Adventure And Sport Activities ,, Trekking ,, 
Himalayan Ways (from Kathmandu) ,, 20790 ,, 6days ,, nan ,, Group Tour - Max 10 participants   ,, nan ,, Bamba Experience ,, Kathmandu Tours ,, Explorer ,, Explorer ,, 
Upper Dolpo Trekking ,, 495000 ,, 25days ,, nan ,, Private Tour   ,, Hard ,, Glorious Himalaya Trekking Pvt Ltd. ,, Upper Dolpo Trek ,, Adventure And Sport Activities ,, Trekking ,, 
Annapurna Circuit Trek ,, 109450 ,, 13days ,, 5.0  ,, Private Tour   ,, Medium ,, Outshine Adventure Pvt Ltd ,, Annapurna Circuit Trek ,, Adventure And Sport Activities ,, Trekking ,, 
Everest High Passes Trekking ,, 166100 ,, 20days ,, 5.0  ,, Private Tour   ,, Hard ,, Breakfree Adventures Pvt Ltd ,, Everest Base Camp - 3 Passes Trek ,, Adventure And Sport Activities ,, Trekking ,, 
Dhaulagiri Circuit Trek ,, 363000 ,, 20days ,, nan ,, Private Tour   ,, Very Hard ,, Nepal Eco Adventure Pvt Ltd ,, Dhaulagiri Circuit Trek ,, Adventure And Sport Activities ,, Trekking ,, 
Lobuche East Peak Climbing ,, 192500 ,, 12days ,, nan ,, Private Tour   ,, nan ,, Nepal Eco Adventure Pvt Ltd ,, Lobuche East Peak ,, Adventure And Sport Activities ,, Climbing ,, 
Makalu Base Camp ,, 206800 ,, 15days ,, nan ,, Private Tour   ,, Hard ,, Exciting Nepal Treks and Expedition ,, Makalu Base Camp Trek ,, Adventure And Sport Activities ,, Trekking ,, 
Annapurna In Style ,, 280500 ,, 10days ,, 5.0  ,, Group Tour - Max 12 participants   ,, nan ,, Peregrine Adventures ,, Kathmandu ,, Adventure And Sport Activities ,, Trekking ,, 
Gokyo And Everest Base Camp ,, 196900 ,, 17days ,, 5.0  ,, Private Tour   ,, Hard ,, Trek Nepal Intl PVT.LTD ,, Gokyo And Everest Base Camp Trek ,, Adventure And Sport Activities ,, Trekking ,, 
Upper Mustang Trekking ,, 198000 ,, 17days ,, nan ,, Private Tour   ,, Medium ,, Breakfree Adventures Pvt Ltd ,, Upper Mustang Trek ,, Adventure And Sport Activities ,, Trekking ,, 
Everest Base Camp - Chola Pass- Gokyo Trek ,, 135300 ,, 15days ,, nan ,, Private Tour   ,, Moderate ,, Adventure Bound Treks and Tours ,, Gokyo And Everest Base Camp Trek ,, Adventure And Sport Activities ,, Trekking ,, 
Makalu Base Camp Trek ,, 253000 ,, 16days ,, 5.0  ,, Private Tour   ,, Hard ,, Outshine Adventure Pvt Ltd ,, Makalu Base Camp Trek ,, Adventure And Sport Activities ,, Trekking ,, 
Short Trek In Kathmandu Valley ,, 45100 ,, 5days ,, nan ,, Private Tour   ,, Easy ,, Adventure Connexion Pvt Ltd ,, Kathmandu ,, Adventure And Sport Activities ,, Trekking ,, 
 Kanchenjunga Circuit Trek ,, 242000 ,, 23days ,, nan ,, Private Tour   ,, Hard ,, Green Valley Nepal Treks Pvt Ltd ,, Kanchenjunga Base Camp ,, Adventure And Sport Activities ,, Trekking ,, 
Ghorepani Poonhill Trek ,, 46200 ,, 8days ,, nan ,, Private Tour   ,, Easy ,, Glorious Himalaya Trekking Pvt Ltd. ,, Poonhill Trek ,, Adventure And Sport Activities ,, Trekking ,, 
Himalaya Langtang Trek 8D/7N ,, 48840 ,, 8days ,, nan ,, Private Tour   ,, nan ,, Bamba Experience ,, Kathmandu Tours ,, Explorer ,, Explorer ,, 
GHT - Nepal - The Full Traverse ,, 2934250 ,, 150days ,, nan ,, Group Tour - Max 10 participants   ,, nan ,, World Expeditions ,, Kathmandu ,, Adventure And Sport Activities ,, Trekking ,, 
Journey To Mount Kailash ,, 480590 ,, 20days ,, nan ,, Group Tour - Max 16 participants   ,, nan ,, World Expeditions ,, Lhasa ,, Adventure And Sport Activities ,, Trekking ,, 
Local Living Nepal ,, 46970 ,, 7days ,, nan ,, Group Tour - Max 15 participants   ,, nan ,, G Adventures ,, Kathmandu Tours ,, Explorer ,, Explorer ,, 
Everest Three High Passes Trek ,, 159500 ,, 17days ,, nan ,, Private Tour   ,, Hard ,, Glorious Himalaya Trekking Pvt Ltd. ,, Everest Base Camp - 3 Passes Trek ,, Adventure And Sport Activities ,, Trekking ,, 
Manaslu Circuit Trek 14 Days ,, 107250 ,, 14days ,, 5.0  ,, Private Tour   ,, Medium ,, Nepal Lion Tours and Treks Pvt Ltd ,, Manaslu Trek ,, Adventure And Sport Activities ,, Trekking ,, 
Rara Lake Trek  ,, 151800 ,, 12days ,, nan ,, Private Tour   ,, Easy ,, Unique Adventure International Pvt Ltd ,, Rara Lake ,, Adventure And Sport Activities ,, Trekking ,, 
Makalu Base Camp Trekking ,, 198000 ,, 17days ,, nan ,, Private Tour   ,, nan ,, Nepal Eco Adventure Pvt Ltd ,, Makalu Base Camp Trek ,, Adventure And Sport Activities ,, Trekking ,, 
Kathmandu To Mumbai Overland ,, 255200 ,, 31days ,, 5.0  ,, Group Tour - Max 21 participants   ,, nan ,, Intrepid Travel ,, Kathmandu ,, Air Tours Road Trips And Transfers ,, Overland Road trips ,, 
Gokyo And Everest Base Camp ,, 142450 ,, 15days ,, 4.5  ,, Private and Group Tour   ,, Hard ,, Exciting Nepal Treks and Expedition ,, Gokyo And Everest Base Camp Trek ,, Adventure And Sport Activities ,, Trekking ,, 
Langtang Valley Trek ,, 66000 ,, 10days ,, 5.0  ,, Private Tour   ,, Moderate ,, Ace the Himalaya ,, Langtang Trek ,, Adventure And Sport Activities ,, Trekking ,, 
 Langtang Tamang Heritage Trail Trekking  ,, 54450 ,, 8days ,, 5.0  ,, Private Tour   ,, Moderate ,, Nepal Lion Tours and Treks Pvt Ltd ,, Tamang Heritage Trek ,, Adventure And Sport Activities ,, Trekking ,, 
Annapurna Circuit - Private Trip ,, 119900 ,, 14days ,, nan ,, Private Tour   ,, Medium ,, Exciting Nepal Treks and Expedition ,, Annapurna Circuit Trek ,, Adventure And Sport Activities ,, Trekking ,, 
Annapurna & Everest In Style ,, 625900 ,, 18days ,, nan ,, Group Tour - Max 12 participants   ,, nan ,, Peregrine Adventures ,, Kathmandu ,, Adventure And Sport Activities ,, Trekking ,, 
Annapurna Foothills Trek 3D/2N ,, 33330 ,, 3days ,, nan ,, Private Tour   ,, nan ,, Bamba Experience ,, Pokhara Tours ,, Explorer ,, Explorer ,, 
Yala Peak Climbing  ,, 170500 ,, 11days ,, nan ,, Private Tour   ,, nan ,, Nepal Eco Adventure Pvt Ltd ,, Yala Peak ,, Adventure And Sport Activities ,, Climbing ,, 
Tibetan Highlight: Lhasa Everest Base Camp Tour ,, 195800 ,, 8days ,, 5.0  ,, Group Tour - Max 15 participants   ,, Easy ,, Unique Adventure International Pvt Ltd ,, Everest Base Camp Trek ,, Sightseeing Attractions Culture And History ,, Sightseeing Tours ,, 
Tsum Valley Trek ,, 109890 ,, 14days ,, nan ,, Private Tour   ,, Medium ,, Mount Adventure Holidays ,, Manaslu-Tsum Valley ,, Adventure And Sport Activities ,, Trekking ,, 
One-hour Mountain Flight Over Everest ,, 25300 ,, 1hours ,, nan ,, Group Tour - Max 16 participants   ,, nan ,, Green Valley Nepal Treks Pvt Ltd ,, Kathmandu ,, Air Tours Road Trips And Transfers ,, Mountain flights ,, 
Delhi To Kathmandu Adventure ,, 142010 ,, 15days ,, nan ,, Group Tour - Max 15 participants   ,, nan ,, G Adventures ,, Delhi Tours ,, Explorer ,, Explorer ,, 
Delhi To Kathmandu On A Shoestring ,, 96360 ,, 15days ,, nan ,, Group Tour - Max 18 participants   ,, nan ,, G Adventures ,, Delhi Tours ,, Explorer ,, Explorer ,, 
Upper Dolpo Trek ,, 302500 ,, 20days ,, nan ,, Private Tour   ,, Hard ,, Exciting Nepal Treks and Expedition ,, Upper Dolpo Trek ,, Adventure And Sport Activities ,, Trekking ,, 
Chitwan National Park Adventure 3D/2N ,, 22880 ,, 3days ,, nan ,, Group Tour - Max 10 participants   ,, nan ,, Bamba Experience ,, Chitwan National Park Tours ,, Explorer ,, Explorer ,, 
Everest Base Camp Trek ,, 138050 ,, 14days ,, nan ,, Private and Group Tour   ,, Easy ,, Nepal Guide Treks & Expedition ,, Everest Base Camp Trek ,, Adventure And Sport Activities ,, Trekking ,, 
Chitwan National Park Adventure 3D/2N (from Kathmandu) ,, 28160 ,, 3days ,, nan ,, Group Tour - Max 10 participants   ,, nan ,, Bamba Experience ,, Kathmandu Tours ,, Explorer ,, Explorer ,, 
Everest In Style  ,, 341000 ,, 9days ,, nan ,, Group Tour - Max 12 participants   ,, Easy ,, Peregrine Adventures ,, Kathmandu ,, Adventure And Sport Activities ,, Trekking ,, 
Two Peak Climbing ,, 340120 ,, 20 days ,, nan ,, Private and Group Tour   ,, nan ,, Nepal Guide Treks & Expedition ,, Mera Peak ,, Adventure And Sport Activities ,, Climbing ,, 
Scenic Mount Everest Helicopter Tour ,, 148500 ,, 4hours ,, 4.7  ,, Private Tour   ,, nan ,, Unique Adventure International Pvt Ltd ,, Everest Region ,, Air Tours Road Trips And Transfers ,, Helicopter Tours ,, 
Everest Gokyo Lake 11 Days ,, 104500 ,, 11days ,, nan ,, Private Tour   ,, Medium ,, Nepal Lion Tours and Treks Pvt Ltd ,, Gokyo Lakes Trek ,, Adventure And Sport Activities ,, Trekking ,, 
Kanchenjunga Trek ,, 324500 ,, 23days ,, nan ,, Private Tour   ,, Medium ,, Trek Nepal Intl PVT.LTD ,, Kanchenjunga Base Camp ,, Adventure And Sport Activities ,, Trekking ,, 
Annapurna Circuit Trek 16D/15N (From Kathmandu) ,, 64240 ,, 15days ,, nan ,, Private Tour   ,, nan ,, Bamba Experience ,, Kathmandu Tours ,, Explorer ,, Explorer ,, 
Annapurna Poon Hill Trek 5D/4N ,, 45870 ,, 5days ,, nan ,, Private Tour   ,, nan ,, Bamba Experience ,, Pokhara Tours ,, Explorer ,, Explorer ,, 
Poonhill Trek ,, 60500 ,, 7days ,, nan ,, Private Tour   ,, Easy ,, Trek Nepal Intl PVT.LTD ,, Poonhill Trek ,, Adventure And Sport Activities ,, Trekking ,, 
Langtang Valley Trek ,, 93500 ,, 11days ,, 5.0  ,, Private Tour   ,, Moderate ,, Nepal Lion Tours and Treks Pvt Ltd ,, Langtang Trek ,, Adventure And Sport Activities ,, Trekking ,, 
Highlights Of India & Nepal ,, 256850 ,, 19days ,, 4.0  ,, Group Tour - Max 12 participants   ,, nan ,, Intrepid Travel ,, Kathmandu Tours ,, Explorer ,, Explorer ,, 
Highlights Of Bhutan & Nepal - 15 Days ,, 605550 ,, 15days ,, nan ,, Group Tour - Max 16 participants   ,, nan ,, On The Go Tours ,, Paro Tours ,, Explorer ,, Explorer ,, 
Everest Base Camp Helicopter Tour - 1 Day ,, 172150 ,, 1days ,, 5.0  ,, Private Tour   ,, nan ,, Breakfree Adventures Pvt Ltd ,, Kathmandu ,, Air Tours Road Trips And Transfers ,, Helicopter Tours ,, 
Upper Mustang Trek ,, 269500 ,, 15days ,, nan ,, Private Tour   ,, Moderate ,, Trek Nepal Intl PVT.LTD ,, Upper Mustang Trek ,, Adventure And Sport Activities ,, Trekking ,, 
Everest Panorama Trek - Private Trip ,, 96250 ,, 8days ,, nan ,, Private Tour   ,, nan ,, Exciting Nepal Treks and Expedition ,, Everest Panorama Trek ,, Adventure And Sport Activities ,, Trekking ,, 
Everest-at-a-glance Trek ,, 112750 ,, 12days ,, nan ,, Private Tour   ,, Moderate ,, Buddha Treks and Expedition ,, Everest Panorama Trek ,, Adventure And Sport Activities ,, Trekking ,, 
Everest Base Camp With Gokyo Valley Trek ,, 181500 ,, 19days ,, 5.0  ,, Private Tour   ,, Hard ,, Ace the Himalaya ,, Gokyo Lakes Trek ,, Adventure And Sport Activities ,, Trekking ,, 
Delhi To Kathmandu ,, 264550 ,, 15days ,, 4.4  ,, Group Tour - Max 16 participants   ,, nan ,, Exodus Travels ,, Kathmandu ,, Sightseeing Attractions Culture And History ,, Cultural religious and historic sites ,, 
Nepal Bhutan Tour ,, 244530 ,, 12days ,, nan ,, Private Tour   ,, nan ,, Himalayan Trekking and Tours (P) Ltd ,, Kathmandu Tours ,,  ,,  ,, 
Upper Mustang Trekking ,, 178200 ,, 14days ,, nan ,, Private and Group Tour   ,, Medium ,, Nepal Eco Adventure Pvt Ltd ,, Upper Mustang Trek ,, Adventure And Sport Activities ,, Trekking ,, 
Mera Peak Climb ,, 451550 ,, 21days ,, 5.0  ,, Group Tour - Max 12 participants   ,, nan ,, Exodus Travels ,, Kathmandu ,, Adventure And Sport Activities ,, Climbing ,, 
Makalu Base Camp Trekking - Private Trip ,, 229900 ,, 21days ,, nan ,, Private Tour   ,, nan ,, Adventure Bound Treks and Tours ,, Makalu Base Camp Trek ,, Adventure And Sport Activities ,, Trekking ,, 
Nepal: Himalaya Highlights ,, 213070 ,, 10days ,, nan ,, Group Tour - Max 15 participants   ,, nan ,, G Adventures ,, Kathmandu ,, Wildlife Landscapes And Nature ,, Wildlife ,, 
Everest View Luxury Lodges Trek ,, 449900 ,, 16days ,, nan ,, Private Tour   ,, Medium ,, Unique Adventure International Pvt Ltd ,, Everest Panorama Trek ,, Adventure And Sport Activities ,, Trekking ,, 
Kathmandu Rim Bike Tour ,, 32450 ,, 3days ,, nan ,, Private Tour   ,, nan ,, Mount Adventure Holidays ,, Kathmandu ,, Adventure And Sport Activities ,, Mountain biking ,, 
Nagarkot Trek 2 Days 1 Night ,, 14300 ,, 2days ,, 5.0  ,, Private Tour   ,, Easy ,, Eyes On Nepal Tours & Treks Pvt.Ltd ,, Nagarkot ,, Adventure And Sport Activities ,, Trekking ,, 
Kathmandu Valley Day Tour ,, 6600 ,, 6 hours ,, 4.3  ,, Private Tour   ,, nan ,, Green Valley Nepal Treks Pvt Ltd ,, Kathmandu ,, Sightseeing Attractions Culture And History ,, Sightseeing Tours ,, 
Langtang Valley Trek ,, 76450 ,, 11days ,, nan ,, Private Tour   ,, Medium ,, Breakfree Adventures Pvt Ltd ,, Langtang Trek ,, Adventure And Sport Activities ,, Trekking ,, 
Trisuli River Rafting Day Trip ,, 7150 ,, 1days ,, 4.4  ,, Private Tour   ,, nan ,, GRG Adventure Kayaking ,, Trisuli River ,, Boat Tours Water Sports And Marine Wildlife ,, Rafting ,, 
Manaslu Circuit Trek ,, 137500 ,, 19days ,, nan ,, Private Tour   ,, Medium ,, Glorious Himalaya Trekking Pvt Ltd. ,, Manaslu Trek ,, Adventure And Sport Activities ,, Trekking ,, 
Annapurna Base Camp Trek ,, 57750 ,, 11days ,, 5.0  ,, Private Tour   ,, Hard ,, Base Camp Adventure Treks & Expedition Pvt. Ltd ,, Annapurna Base Camp Trek ,, Adventure And Sport Activities ,, Trekking ,, 
Annapurna Circuit Trek ,, 123750 ,, 15days ,, nan ,, Private Tour   ,, Medium ,, Trek Nepal Intl PVT.LTD ,, Annapurna Circuit Trek ,, Adventure And Sport Activities ,, Trekking ,, 
Everest Base Camp - 3 Passes Trek ,, 225500 ,, 19days ,, nan ,, Private Tour   ,, Hard ,, Trek Nepal Intl PVT.LTD ,, Everest Base Camp - 3 Passes Trek ,, Adventure And Sport Activities ,, Trekking ,, 
Gokyo And Everest Base Camp Trek ,, 171600 ,, 14days ,, 5.0  ,, Private Tour   ,, Moderate ,, Advanced Adventures Pvt Ltd ,, Gokyo And Everest Base Camp Trek ,, Adventure And Sport Activities ,, Trekking ,, 
Annapurna Circuit ,, 110000 ,, 15days ,, nan ,, Private Tour   ,, Hard ,, Mosaic Adventure ,, Annapurna Circuit Trek ,, Adventure And Sport Activities ,, Trekking ,, 
Tamang Heritage & Langtang Valley Trek ,, 141900 ,, 15days ,, nan ,, Group Tour - Max 12 participants   ,, nan ,, Intrepid Travel ,, Kathmandu ,, Adventure And Sport Activities ,, Adventure ,, 
Everest View Trekking ,, 98890 ,, 8days ,, nan ,, Private Tour   ,, Moderate ,, Trekking Planner (P.) Ltd ,, Everest Panorama Trek ,, Adventure And Sport Activities ,, Trekking ,, 
Explore Kathmandu City ,, 5390 ,, 1days ,, nan ,, Private Tour   ,, nan ,, Breakfree Adventures Pvt Ltd ,, Kathmandu ,, Sightseeing Attractions Culture And History ,, Sightseeing Tours ,, 
Upper Mustang Trek ,, 179300 ,, 15days ,, 5.0  ,, Private Tour   ,, Hard ,, Friends Adventure Team Pvt. Ltd ,, Upper Mustang Trek ,, Adventure And Sport Activities ,, Trekking ,, 
Nagarkot Day Hiking ,, 8250 ,, 1days ,, nan ,, Private Tour   ,, nan ,, Adventure Bound Treks and Tours ,, Nagarkot ,, Adventure And Sport Activities ,, Trekking ,, 
Everest Helicopter Tour ,, 147950 ,, 4hours ,, 4.4  ,, Private Tour   ,, nan ,, Himalayan Leisure Inc. ,, Kathmandu ,, Sightseeing Attractions Culture And History ,, Day Tours and Excursions ,, 
Canyoning  ,, 9350 ,, 1days ,, 5.0  ,, Group Tour - Max 16 participants   ,, nan ,, Paddle Nepal Pvt Ltd ,, Pokhara ,, Adventure And Sport Activities ,, Canyoning ,, 
Cooking In Kathmandu ,, 7260 ,, 4hours ,, 5.0  ,, Group Tour - Max 12 participants   ,, nan ,, Urban Adventures ,, Kathmandu ,, Tours ,, Culture History and Heritage Tours ,, 
Annapurna Base Camp Trek ,, 108900 ,, 12days ,, nan ,, Private Tour   ,, Moderate ,, Trek Nepal Intl PVT.LTD ,, Annapurna Base Camp Trek ,, Adventure And Sport Activities ,, Trekking ,, 
Api Himal Exploratory ,, 584100 ,, 32days ,, nan ,, Group Tour - Max 12 participants   ,, nan ,, World Expeditions ,, Kathmandu ,, Adventure And Sport Activities ,, Trekking ,, 
Nepal Family Holiday With Teenagers ,, 202400 ,, 11days ,, nan ,, Group Tour - Max 16 participants   ,, nan ,, Intrepid Travel ,, Kathmandu Tours ,, Family ,, Family ,, 
Everest View Trekking ,, 115500 ,, 10days ,, nan ,, Private Tour   ,, Moderate ,, Breakfree Adventures Pvt Ltd ,, Everest Panorama Trek ,, Adventure And Sport Activities ,, Trekking ,, 
Langtang Valley Trek ,, 80300 ,, 13days ,, nan ,, Private Tour   ,, Medium ,, Buddha Treks and Expedition ,, Langtang Trek ,, Adventure And Sport Activities ,, Trekking ,, 
Upper Mustang Trek ,, 209000 ,, 18days ,, nan ,, Private Tour   ,, Moderate ,, Glorious Himalaya Trekking Pvt Ltd. ,, Upper Mustang Trek ,, Adventure And Sport Activities ,, Trekking ,, 
Nepal & India Overland ,, 654500 ,, 82days ,, 5.0  ,, Group Tour - Max 21 participants   ,, nan ,, Intrepid Travel ,, Kathmandu ,, Air Tours Road Trips And Transfers ,, Overland Road trips ,, 
Trisuli River Rafting - Kathmandu To Pokhara ,, 6270 ,, 1days ,, nan ,, Group Tour - Max 24 participants   ,, nan ,, Paddle Nepal Pvt Ltd ,, Trisuli River ,, Boat Tours Water Sports And Marine Wildlife ,, Rafting ,, 
Nepal Tibet Bhutan Tour ,, 348040 ,, 17days ,, 4.0  ,, Private Tour   ,, nan ,, Himalayan Trekking and Tours (P) Ltd ,, Kathmandu Tours ,,  ,,  ,, 
Bhutan: Druk Path Trek ,, 562650 ,, 12days ,, 4.6  ,, Group Tour - Max 16 participants   ,, nan ,, Exodus Travels ,, Kathmandu ,, Adventure And Sport Activities ,, Trekking ,, 
Festivals Of Bhutan ,, 485650 ,, 11days ,, 4.7  ,, Group Tour - Max 16 participants   ,, nan ,, Exodus Travels ,, Kathmandu ,, Sightseeing Attractions Culture And History ,, Cultural religious and historic sites ,, 
1 Hour Mountain Flight ,, 26400 ,, 1hours ,, 5.0  ,, Private Tour   ,, nan ,, Nepal Lion Tours and Treks Pvt Ltd ,, Kathmandu ,, Air Tours Road Trips And Transfers ,, Mountain flights ,, 
 Kathmandu By Night ,, 5060 ,, 2-3hours ,, 5.0  ,, Group Tour - Max 12 participants   ,, nan ,, Urban Adventures ,, Kathmandu ,, Tours ,, Culture History and Heritage Tours ,, 
Everest Circuit & The Cho La ,, 313390 ,, 21days ,, nan ,, Group Tour - Max 16 participants   ,, nan ,, World Expeditions ,, Kathmandu ,, Adventure And Sport Activities ,, Trekking ,, 
Visit The Sleeping Buddha ,, 6270 ,, 6-7hours ,, nan ,, Group Tour - Max 12 participants   ,, nan ,, Urban Adventures ,, Kathmandu ,, Adventure And Sport Activities ,, Trekking ,, 
Sightseeing Day Tour In Kathmandu ,, 9350 ,, 1hours ,, nan ,, Private Tour   ,, nan ,, Exciting Nepal Treks and Expedition ,, Kathmandu ,, Sightseeing Attractions Culture And History ,, Sightseeing Tours ,, 
Upper Seti River Rafting - Best Pokhara Day Trip ,, 5610 ,, 3hours ,, 5.0  ,, Group Tour - Max 24 participants   ,, nan ,, Paddle Nepal Pvt Ltd ,, Pokhara ,, Boat Tours Water Sports And Marine Wildlife ,, Rafting ,, 
Explore India & Nepal ,, 376090 ,, 17days ,, nan ,, Group Tour - Max 16 participants   ,, nan ,, G Adventures ,, Delhi Tours ,, Explorer ,, Explorer ,, 
10 Days Sunkoshi River Rafting Tour ,, 62150 ,, 10days ,, nan ,, Private Tour   ,, nan ,, Nepal River Runner ,, Sun Koshi River ,, Boat Tours Water Sports And Marine Wildlife ,, Rafting ,, 
Honeymoon Tour In Nepal ,, 88000 ,, 9days ,, nan ,, Private Tour   ,, nan ,, Nepal Lion Tours and Treks Pvt Ltd ,, Kathmandu ,, Beach Romance Getaways And Relaxation ,, Romantic ,, 
Nepal: Hike Bike & Raft ,, 157300 ,, 12days ,, nan ,, Group Tour - Max 12 participants   ,, nan ,, Intrepid Travel ,, Kathmandu Tours ,, Explorer ,, Explorer ,, 
Annapurna Base Camp Trek 10D/9N (from Pokhara) ,, 59290 ,, 10days ,, nan ,, Private Tour   ,, nan ,, Bamba Experience ,, Pokhara Tours ,, Explorer ,, Explorer ,, 
Annapurna Base Camp Trek 12D/11N (From Kathmandu) ,, 65780 ,, 12days ,, nan ,, Private Tour   ,, nan ,, Bamba Experience ,, Kathmandu Tours ,, Explorer ,, Explorer ,, 
Kathmandu Welcome Package 3D/2N ,, 13640 ,, 3days ,, nan ,, Group Tour - Max 10 participants   ,, nan ,, Bamba Experience ,, Kathmandu Tours ,, Explorer ,, Explorer ,, 
Nepal Adventure 8D/7N ,, 65120 ,, 8days ,, nan ,, Group Tour - Max 10 participants   ,, nan ,, Bamba Experience ,, Kathmandu Tours ,, Explorer ,, Explorer ,, 
Highway To Himalayas - 16 Days ,, 394460 ,, 16days ,, nan ,, Group Tour - Max 24 participants   ,, nan ,, On The Go Tours ,, Delhi Tours ,, Explorer ,, Explorer ,, 
Essence Of Nepal & Bhutan  ,, 818950 ,, 20days ,, nan ,, Group Tour - Max 12 participants   ,, nan ,, Peregrine Adventures ,, Kathmandu Tours ,, Explorer ,, Explorer ,, 
Nepal & Bhutan Journey ,, 653950 ,, 18days ,, nan ,, Group Tour - Max 12 participants   ,, nan ,, Intrepid Travel ,, Kathmandu Tours ,, Explorer ,, Explorer ,, 
Rock & Raft Nepal ,, 9350 ,, 2days ,, nan ,, Private Tour   ,, nan ,, GRG Adventure Kayaking ,, Trisuli River ,, Adventure And Sport Activities ,, Canyoning ,, 
Annapurna Base Camp Landing By Helicopter ,, 52250 ,, 2hours ,, 5.0  ,, Private Tour   ,, nan ,, Exciting Nepal Treks and Expedition ,, Annapurna Base Camp Trek ,, Air Tours Road Trips And Transfers ,, Helicopter Tours ,, 
Nagarjun Day Hike ,, 6600 ,, 1days ,, nan ,, Private Tour   ,, Easy ,, Adventure Bound Treks and Tours ,, Nagarjun ,, Adventure And Sport Activities ,, Trekking ,, 
Kathmandu Day Tour ,, 14300 ,, 12hours ,, nan ,, Private Tour   ,, nan ,, Eyes On Nepal Tours & Treks Pvt.Ltd ,, Kathmandu ,, Sightseeing Attractions Culture And History ,, Day Tours and Excursions ,, 
Vintage Nepal ,, 341220 ,, 12days ,, nan ,, Group Tour - Max 12 participants   ,, nan ,, Peregrine Adventures ,, Kathmandu Tours ,, Explorer ,, Explorer ,, 
Everest Base Camp High Flyer ,, 480590 ,, 14days ,, nan ,, Group Tour - Max 10 participants   ,, nan ,, World Expeditions ,, Kathmandu ,, Adventure And Sport Activities ,, Trekking ,, 
Mera & Island Peak Via Amphu Labsta ,, 538120 ,, 30days ,, nan ,, Group Tour - Max 12 participants   ,, nan ,, World Expeditions ,, Kathmandu ,, Adventure And Sport Activities ,, Climbing ,, 
Ama Dablam Base Camp Trek ,, 229790 ,, 14days ,, nan ,, Group Tour - Max 16 participants   ,, nan ,, World Expeditions ,, Kathmandu ,, Adventure And Sport Activities ,, Trekking ,, 
Trek Annapurna And Everest ,, 302940 ,, 15days ,, nan ,, Group Tour - Max 16 participants   ,, nan ,, World Expeditions ,, Kathmandu ,, Adventure And Sport Activities ,, Trekking ,, 
Day Tour Of Kathmandu Valley ,, 9350 ,, 1days ,, nan ,, Private Tour   ,, nan ,, Nepal Eco Adventure Pvt Ltd ,, Kathmandu ,, Sightseeing Attractions Culture And History ,, City sightseeing ,, 
Gokyo Lake Trekking ,, 138600 ,, 15days ,, nan ,, Private Tour   ,, Medium ,, Breakfree Adventures Pvt Ltd ,, Gokyo Lakes Trek ,, Adventure And Sport Activities ,, Trekking ,, 
Everest Base Camp Helicopter Tour ,, 143000 ,, 4hours ,, 5.0  ,, Private Tour   ,, nan ,, Exciting Nepal Treks and Expedition ,, Everest Region ,, Air Tours Road Trips And Transfers ,, Helicopter Tours ,, 
Nagarjun Hill Day Hike ,, 7700 ,, 1days ,, nan ,, Private Tour   ,, Easy ,, Breakfree Adventures Pvt Ltd ,, Kathmandu ,, Adventure And Sport Activities ,, Trekking ,, 
Classic Nepal ,, 254320 ,, 11days ,, nan ,, Group Tour - Max 12 participants   ,, nan ,, Intrepid Travel ,, Kathmandu Tours ,, Explorer ,, Explorer ,, 
1-day Kathmandu Valley Exploration ,, 12760 ,, 1days ,, nan ,, Group Tour - Max 15 participants   ,, nan ,, Unique Adventure International Pvt Ltd ,, Kathmandu ,, Sightseeing Attractions Culture And History ,, Sightseeing Tours ,, 
Canyoning Day Trip ,, 9350 ,, 1days ,, nan ,, Private Tour   ,, nan ,, GRG Adventure Kayaking ,, Kathmandu ,, Adventure And Sport Activities ,, Canyoning ,, 
Everest Base Camp Helicopter Tour ,, 146300 ,, 4hours ,, 5.0  ,, Private Tour   ,, nan ,, Master Himalaya Treks and Expedition Pvt Ltd ,, Everest Region ,, Air Tours Road Trips And Transfers ,, Helicopter Tours ,, 
Langtang & Gosainkund Lakes Trek ,, 219340 ,, 17days ,, nan ,, Group Tour - Max 16 participants   ,, nan ,, World Expeditions ,, Kathmandu ,, Adventure And Sport Activities ,, Trekking ,, 
Exploring Patan And Bhaktapur: Kathmandu Valleys Other Kingdoms ,, 10670 ,, 6-7hours ,, nan ,, Group Tour - Max 12 participants   ,, nan ,, Urban Adventures ,, Kathmandu ,, Tours ,, Culture History and Heritage Tours ,, 
Walking Tour Of Kathmandu ,, 2750 ,, 6hours ,, nan ,, Private Tour   ,, nan ,, Breakfree Adventures Pvt Ltd ,, Kathmandu ,, Sightseeing Attractions Culture And History ,, Walking tours ,, 
Shivapuri Loop Bike Tour  ,, 9350 ,, 7hours ,, nan ,, Private Tour   ,, nan ,, Mount Adventure Holidays ,, Kathmandu ,, Adventure And Sport Activities ,, Mountain biking ,, 
Everest Base Camp Helicopter Tour ,, 165000 ,, 4hours ,, 5.0  ,, Private Tour   ,, nan ,, Himalayan Trekking and Tours (P) Ltd ,, Everest Region ,, Air Tours Road Trips And Transfers ,, Helicopter Tours ,, 
Mountain Biking Adventures On The Outskirts Of Kathmandu ,, 11000 ,, 4-5hours ,, nan ,, Group Tour - Max 12 participants   ,, nan ,, Urban Adventures ,, Kathmandu ,, Adventure And Sport Activities ,, Bicycle tours ,, 
Tibet Uncovered ,, 554400 ,, 15days ,, nan ,, Group Tour - Max 12 participants   ,, nan ,, Intrepid Travel ,, Kathmandu Tours ,, Explorer ,, Explorer ,, 
Everest Flight ,, 24200 ,, 1hours ,, 4.5  ,, Private Tour   ,, nan ,, Himalayan Trekking and Tours (P) Ltd ,, Kathmandu ,, Air Tours Road Trips And Transfers ,, Mountain flights ,, 
Spiritual Journey Of Nepal ,, 6380 ,, 4-5hours ,, 4.6  ,, Group Tour - Max 12 participants   ,, nan ,, Urban Adventures ,, Kathmandu ,, Tours ,, Culture History and Heritage Tours ,, 
Explore Kathmandu Like A Local ,, 7260 ,, 5-6hours ,, nan ,, Group Tour - Max 12 participants   ,, nan ,, Urban Adventures ,, Kathmandu ,, Adventure And Sport Activities ,, Food tours ,, 
Gokyo Lake  ,, 140800 ,, 11days ,, nan ,, Private Tour   ,, Medium ,, Mosaic Adventure ,, Gokyo Lakes Trek ,, Adventure And Sport Activities ,, Trekking ,, 
Wonders Of Southern Nepal By Bicycle ,, 289960 ,, 11days ,, nan ,, Group Tour - Max 16 participants   ,, nan ,, SpiceRoads ,, Kathmandu ,, Adventure And Sport Activities ,, Bicycle tours ,, 
The Druk Path Trek - 12 Days ,, 449900 ,, 12days ,, nan ,, Group Tour - Max 16 participants   ,, nan ,, On The Go Tours ,, Kathmandu Tours ,, Explorer ,, Explorer ,, 
Annapurna Nar & Tilicho Lake ,, 334290 ,, 22days ,, nan ,, Group Tour - Max 16 participants   ,, nan ,, World Expeditions ,, Kathmandu ,, Adventure And Sport Activities ,, Trekking ,, 
Everest High Passes ,, 340670 ,, 22days ,, nan ,, Group Tour - Max 16 participants   ,, nan ,, World Expeditions ,, Kathmandu ,, Adventure And Sport Activities ,, Trekking ,, 
GHT Everest & Rolwaling Traverse Via Tashi Labsta Pass ,, 459690 ,, 28days ,, nan ,, Group Tour - Max 12 participants   ,, nan ,, World Expeditions ,, Kathmandu ,, Adventure And Sport Activities ,, Trekking ,, 
Lobuche East & Pokalde Peak ,, 552750 ,, 28days ,, nan ,, Group Tour - Max 12 participants   ,, nan ,, World Expeditions ,, Kathmandu ,, Adventure And Sport Activities ,, Trekking ,, 
Kangchenjunga Base Camp ,, 462880 ,, 25days ,, nan ,, Group Tour - Max 16 participants   ,, nan ,, World Expeditions ,, Kathmandu ,, Adventure And Sport Activities ,, Trekking ,, 
The Kingdom Of Mustang ,, 396990 ,, 16days ,, nan ,, Group Tour - Max 16 participants   ,, nan ,, World Expeditions ,, Upper Mustang Trek ,, Adventure And Sport Activities ,, Trekking ,, 
Manaslu Circuit & Base Camp Trek ,, 302940 ,, 20days ,, nan ,, Group Tour - Max 16 participants   ,, nan ,, World Expeditions ,, Kathmandu ,, Adventure And Sport Activities ,, Trekking ,, 
Gokyo & The Renjo La ,, 271590 ,, 17days ,, nan ,, Group Tour - Max 16 participants   ,, nan ,, World Expeditions ,, Kathmandu ,, Adventure And Sport Activities ,, Trekking ,, 
Tamang Heritage Trail ,, 187990 ,, 12days ,, nan ,, Group Tour - Max 16 participants   ,, nan ,, World Expeditions ,, Kathmandu ,, Adventure And Sport Activities ,, Trekking ,, 
Mountain Bike Kathmandu To Pokhara ,, 235070 ,, 11days ,, nan ,, Group Tour - Max 16 participants   ,, nan ,, SpiceRoads ,, Kathmandu ,, Adventure And Sport Activities ,, Mountain biking ,, 
Gokyo Trek ,, 122650 ,, 11days ,, nan ,, Private Tour   ,, Moderate ,, Exciting Nepal Treks and Expedition ,, Gokyo Lakes Trek ,, Adventure And Sport Activities ,, Trekking ,, 
India & Nepal Heritage  ,, 680350 ,, 23days ,, nan ,, Group Tour - Max 12 participants   ,, nan ,, Peregrine Adventures ,, Kathmandu Tours ,, Explorer ,, Explorer ,, 
In Focus: Tailor-made In Kathmandu Sarangi Experience ,, 7260 ,, 4hours ,, nan ,, Group Tour - Max 12 participants   ,, nan ,, Urban Adventures ,, Kathmandu ,, Tours ,, Culture History and Heritage Tours ,, 
Make Your Own Souvenir  ,, 7260 ,, 4hours ,, nan ,, Group Tour - Max 12 participants   ,, nan ,, Urban Adventures ,, Kathmandu ,, Tours ,, Culture History and Heritage Tours ,, 
Cycling In Bhutan ,, 741950 ,, 14days ,, 5.0  ,, Group Tour - Max 15 participants   ,, nan ,, Exodus Travels ,, Kathmandu ,, Adventure And Sport Activities ,, Bicycle tours ,, 
Durbar Square & Monkey Temple ,, 11440 ,, 1day ,, nan ,, Group Tour - Max 10 participants   ,, nan ,, Bamba Experience ,, Kathmandu Tours ,, Explorer ,, Explorer ,, 
East Himalayan Kingdoms ,, 423720 ,, 13days ,, nan ,, Group Tour - Max 16 participants   ,, nan ,, World Expeditions ,, Kathmandu ,, Adventure And Sport Activities ,, Adventure ,, 
Everest Kangshung Face ,, 522390 ,, 24days ,, nan ,, Group Tour - Max 16 participants   ,, nan ,, World Expeditions ,, Kathmandu ,, Adventure And Sport Activities ,, Trekking ,, 
Langtang Valley View Trekking ,, 49500 ,, 7days ,, 4.9  ,, Private and Group Tour   ,, Moderate ,, Nepal Lion Tours and Treks Pvt Ltd ,, Langtang Trek ,, Adventure And Sport Activities ,, Trekking ,, 
India & Nepal ,, 514800 ,, 19days ,, nan ,, Group Tour - Max 12 participants   ,, nan ,, Intrepid Travel ,, Kathmandu Tours ,, Explorer ,, Explorer ,, 
Kathmandu To Delhi Overland ,, 206800 ,, 24days ,, nan ,, Group Tour - Max 22 participants   ,, nan ,, Intrepid Travel ,, Kathmandu Tours ,, Explorer ,, Explorer ,, 
Sikkim Bhutan Trek ,, 527670 ,, 20days ,, nan ,, Group Tour - Max 16 participants   ,, nan ,, World Expeditions ,, Kathmandu ,, Adventure And Sport Activities ,, Trekking ,, 
Summit To Sea ,, 480590 ,, 29days ,, nan ,, Group Tour - Max 12 participants   ,, nan ,, World Expeditions ,, Kathmandu ,, Adventure And Sport Activities ,, Trekking ,, 
Nepali Meal With Local Family ,, 3190 ,, 1day ,, nan ,, Group Tour - Max 10 participants   ,, nan ,, Bamba Experience ,, Kathmandu Tours ,, Explorer ,, Explorer ,, 
Everest Base Camp & Kala Pattar ,, 261140 ,, 17days ,, nan ,, Group Tour - Max 16 participants   ,, nan ,, World Expeditions ,, Kathmandu ,, Adventure And Sport Activities ,, Trekking ,, 
Annapurna Base Camp Trek ,, 119900 ,, 11days ,, nan ,, Private Tour   ,, Moderate ,, Himalayan Glacier Trekking ,, Annapurna Base Camp Trek ,, Adventure And Sport Activities ,, Trekking ,, 
Trekking Langtang ,, 108570 ,, 15days ,, nan ,, Group Tour - Max 16 participants   ,, nan ,, G Adventures ,, Langtang Trek ,, Explorer ,, Explorer ,, 
Upper Mustang Trek ,, 218900 ,, 14days ,, nan ,, Private Tour   ,, Medium ,, Icicles Adventure Treks and Tours Pvt Ltd ,, Upper Mustang Trek ,, Adventure And Sport Activities ,, Trekking ,, 
Kathmandu To Delhi Adventure ,, 142010 ,, 15days ,, nan ,, Group Tour - Max 15 participants   ,, nan ,, G Adventures ,, Kathmandu Tours ,, Explorer ,, Explorer ,, 
Langtang & Gosainkund Lakes ,, 204050 ,, 15days ,, nan ,, Group Tour - Max 16 participants   ,, nan ,, Exodus Travels ,, Kathmandu ,, Sightseeing Attractions Culture And History ,, Walking tours ,, 
Everest Base Camp Trek 13D/12N ,, 130570 ,, 13days ,, nan ,, Private Tour   ,, nan ,, Bamba Experience ,, Kathmandu Tours ,, Explorer ,, Explorer ,, 
Jomsom Trek 12D/11N (from Kathmandu) ,, 83490 ,, 12days ,, nan ,, Private Tour   ,, nan ,, Bamba Experience ,, Kathmandu Tours ,, Explorer ,, Explorer ,, 
Nepal Rafting Adventure (from Kathmandu) ,, 7370 ,, 1day ,, nan ,, Group Tour - Max 10 participants   ,, nan ,, Bamba Experience ,, Kathmandu Tours ,, Explorer ,, Explorer ,, 
Poon Hill Trek 3D/2N ,, 33110 ,, 3days ,, nan ,, Private Tour   ,, nan ,, Bamba Experience ,, Pokhara Tours ,, Explorer ,, Explorer ,, 
Poon Hill Trek 5D/4N (from Kathmandu) ,, 47960 ,, 5days ,, nan ,, Private Tour   ,, nan ,, Bamba Experience ,, Kathmandu Tours ,, Explorer ,, Explorer ,, 
Everest & Gokyo Lakes - 18 Days ,, 292050 ,, 18days ,, nan ,, Group Tour - Max 15 participants   ,, nan ,, On The Go Tours ,, Kathmandu Tours ,, Explorer ,, Explorer ,, 
Everest Base Camp - 15 Days ,, 260700 ,, 15days ,, nan ,, Group Tour - Max 15 participants   ,, nan ,, On The Go Tours ,, Kathmandu Tours ,, Explorer ,, Explorer ,, 
Annapurna Sanctuary Trek - 14 Days ,, 250250 ,, 14days ,, nan ,, Group Tour - Max 14 participants   ,, nan ,, On The Go Tours ,, Kathmandu Tours ,, Explorer ,, Explorer ,, 
Cholo Expedition ,, 483780 ,, 21days ,, nan ,, Group Tour - Max 12 participants   ,, nan ,, World Expeditions ,, Kathmandu ,, Adventure And Sport Activities ,, Trekking ,, 
Annapurna Chitwan ,, 198440 ,, 12days ,, nan ,, Group Tour - Max 16 participants   ,, Easy ,, World Expeditions ,, Kathmandu ,, Adventure And Sport Activities ,, Trekking ,, 
Annapurna Machapuchare ,, 198440 ,, 13days ,, nan ,, Group Tour - Max 16 participants   ,, nan ,, World Expeditions ,, Kathmandu ,, Adventure And Sport Activities ,, Trekking ,, 
Tharpu Chuli (Tent Peak) Expedition ,, 420090 ,, 18days ,, nan ,, Group Tour - Max 16 participants   ,, nan ,, World Expeditions ,, Kathmandu ,, Adventure And Sport Activities ,, Climbing ,, 
Annapurna Mountain Bike ,, 290510 ,, 16days ,, nan ,, Group Tour - Max 16 participants   ,, nan ,, World Expeditions ,, Kathmandu ,, Adventure And Sport Activities ,, Mountain biking ,, 
Annapurna Circuit ,, 250690 ,, 17days ,, nan ,, Group Tour - Max 16 participants   ,, nan ,, World Expeditions ,, Kathmandu ,, Adventure And Sport Activities ,, Trekking ,, 
Ultimate Annapurna Dhaulagiri ,, 249700 ,, 16days ,, nan ,, Group Tour - Max 16 participants   ,, nan ,, World Expeditions ,, Kathmandu ,, Adventure And Sport Activities ,, Trekking ,, 
Annapurna Trek ,, 177540 ,, 10days ,, nan ,, Group Tour - Max 16 participants   ,, Easy ,, World Expeditions ,, Kathmandu ,, Adventure And Sport Activities ,, Trekking ,, 
Complete Annapurna ,, 271590 ,, 18days ,, nan ,, Group Tour - Max 16 participants   ,, nan ,, World Expeditions ,, Kathmandu ,, Adventure And Sport Activities ,, Trekking ,, 
Damodar Saribung Traverse ,, 449240 ,, 23days ,, nan ,, Group Tour - Max 16 participants   ,, nan ,, World Expeditions ,, Kathmandu ,, Adventure And Sport Activities ,, Trekking ,, 
Everest Base Camp & Island Peak ,, 473330 ,, 22days ,, nan ,, Group Tour - Max 12 participants   ,, nan ,, World Expeditions ,, Kathmandu ,, Adventure And Sport Activities ,, Trekking ,, 
Everest Family Trek ,, 247610 ,, 15days ,, nan ,, Group Tour - Max 16 participants   ,, nan ,, World Expeditions ,, Kathmandu ,, Adventure And Sport Activities ,, Trekking ,, 
Everest Trek ,, 208890 ,, 12days ,, nan ,, Group Tour - Max 16 participants   ,, nan ,, World Expeditions ,, Kathmandu ,, Adventure And Sport Activities ,, Trekking ,, 
Around Dhaulagiri Via French Pass ,, 334290 ,, 18days ,, nan ,, Group Tour - Max 16 participants   ,, nan ,, World Expeditions ,, Kathmandu ,, Adventure And Sport Activities ,, Trekking ,, 
GHT Kanchenjunga Exploratory ,, 522390 ,, 25days ,, nan ,, Group Tour - Max 16 participants   ,, nan ,, World Expeditions ,, Kathmandu ,, Adventure And Sport Activities ,, Trekking ,, 
GHT Langtang Via Tilman Pass ,, 313390 ,, 18days ,, nan ,, Group Tour - Max 12 participants   ,, nan ,, World Expeditions ,, Kathmandu ,, Adventure And Sport Activities ,, Trekking ,, 
GHT Manaslu & Annapurna ,, 459690 ,, 26days ,, nan ,, Group Tour - Max 16 participants   ,, nan ,, World Expeditions ,, Great Himalaya Trail ,, Adventure And Sport Activities ,, Trekking ,, 
GHT Makalu & Everest Traverse Via Sherpani Col ,, 626890 ,, 34days ,, nan ,, Group Tour - Max 12 participants   ,, nan ,, World Expeditions ,, Kathmandu ,, Adventure And Sport Activities ,, Trekking ,, 
GHT Rara Lake & Yari Valley ,, 585090 ,, 26days ,, nan ,, Group Tour - Max 16 participants   ,, nan ,, World Expeditions ,, Kathmandu ,, Adventure And Sport Activities ,, Trekking ,, 
GHT Upper Dolpo Traverse ,, 626890 ,, 25days ,, nan ,, Group Tour - Max 16 participants   ,, nan ,, World Expeditions ,, Kathmandu ,, Adventure And Sport Activities ,, Trekking ,, 
Classic Poon Hill Trek ,, 187990 ,, 12days ,, nan ,, Group Tour - Max 16 participants   ,, nan ,, World Expeditions ,, Kathmandu ,, Adventure And Sport Activities ,, Trekking ,, 
Nepal Family Adventure ,, 187990 ,, 12days ,, nan ,, Group Tour - Max 16 participants   ,, nan ,, World Expeditions ,, Kathmandu ,, Adventure And Sport Activities ,, Trekking ,, 
Nepal - Raft And Hike ,, 229790 ,, 15days ,, nan ,, Group Tour - Max 16 participants   ,, nan ,, World Expeditions ,, Kathmandu ,, Adventure And Sport Activities ,, Trekking ,, 
4x4 Tibet Overland Adventure 8D/7N ,, 156640 ,, 8days ,, nan ,, Group Tour - Max 10 participants   ,, nan ,, Bamba Experience ,, Kathmandu Tours ,, Explorer ,, Explorer ,, 
Real Kathmandu To Delhi ,, 121000 ,, 13days ,, nan ,, Group Tour - Max 16 participants   ,, nan ,, Intrepid Travel ,, Kathmandu ,, Adventure And Sport Activities ,, Adventure ,, 
Epic Nepal To India ,, 184800 ,, 20days ,, nan ,, Group Tour - Max 16 participants   ,, nan ,, Intrepid Travel ,, Kathmandu ,, Adventure And Sport Activities ,, Adventure ,, 
Real Everest Base Camp ,, 141130 ,, 15days ,, nan ,, Group Tour - Max 16 participants   ,, nan ,, Intrepid Travel ,, Kathmandu ,, Adventure And Sport Activities ,, Adventure ,, 
One Week In Nepal ,, 69300 ,, 8days ,, nan ,, Group Tour - Max 16 participants   ,, nan ,, Intrepid Travel ,, Kathmandu ,, Adventure And Sport Activities ,, Adventure ,, 
Abode Of The God-Kings ,, 356290 ,, 15days ,, nan ,, Group Tour - Max 17 participants   ,, nan ,, Explore ,, Kathmandu Tours ,, Active And Outdoor ,, Active and outdoor ,, 
Classic Nepal ,, 177320 ,, 15days ,, nan ,, Group Tour - Max 14 participants   ,, nan ,, Encounters Travel ,, Kathmandu Tours ,, Explorer ,, Explorer ,, 
Nepal Exposed ,, 125290 ,, 10days ,, nan ,, Group Tour - Max 14 participants   ,, nan ,, Encounters Travel ,, Kathmandu Tours ,, Explorer ,, Explorer ,, 
Everest Base Camp ,, 162910 ,, 16days ,, nan ,, Group Tour - Max 12 participants   ,, nan ,, Encounters Travel ,, Kathmandu Tours ,, Explorer ,, Explorer ,, 
Delhi To Kathmandu ,, 352110 ,, 16days ,, nan ,, Group Tour - Max 12 participants   ,, nan ,, Encounters Travel ,, Delhi Tours ,, Explorer ,, Explorer ,, 
Nepal On A Shoestring ,, 80740 ,, 8days ,, nan ,, Group Tour - Max 18 participants   ,, nan ,, Encounters Travel ,, Kathmandu Tours ,, Explorer ,, Explorer ,, 
Nepal Family Adventure ,, 250690 ,, 14days ,, nan ,, Group Tour - Max 18 participants   ,, nan ,, Encounters Travel ,, Kathmandu Tours ,, Explorer ,, Explorer ,, 
Nepal Discovery ,, 132660 ,, 8days ,, nan ,, Group Tour - Max 18 participants   ,, nan ,, Encounters Travel ,, Cairo Tours ,, Explorer ,, Explorer ,, 
Himalayan Kingdoms ,, 306680 ,, 12days ,, nan ,, Group Tour - Max 10 participants   ,, nan ,, Encounters Travel ,, Kathmandu Tours ,, Explorer ,, Explorer ,, 
Lumding Valley & Teng Kangpoche Peak With Soren Kruse Ledet ,, 877690 ,, 30days ,, nan ,, Group Tour - Max 12 participants   ,, nan ,, World Expeditions ,, Kathmandu ,, Adventure And Sport Activities ,, Climbing ,, 
Chitwan Independent Adventure And Homestay ,, 76230 ,, 4days ,, nan ,, Independent Tour   ,, nan ,, G Adventures ,, Kathmandu Tours ,, Explorer ,, Explorer ,, 
Wellness Nepal ,, 344740 ,, 13days ,, nan ,, Group Tour - Max 15 participants   ,, nan ,, G Adventures ,, Kathmandu Tours ,, Explorer ,, Explorer ,, 
Annapurna Circuit ,, 245520 ,, 21days ,, nan ,, Group Tour - Max 17 participants   ,, nan ,, Explore ,, Kathmandu Tours ,, Active And Outdoor ,, Active and outdoor ,, 
Cinque Terre Walking Holiday ,, 56320 ,, 5days ,, nan ,, Independent Tour   ,, nan ,, FindYourItaly SRL ,, Liguria Tours ,, Explorer ,, Explorer ,, 
Kathmandu Valley Trek Independent Adventure ,, 99220 ,, 5days ,, nan ,, Independent Tour   ,, nan ,, G Adventures ,, Kathmandu Tours ,, Explorer ,, Explorer ,, 
Nepal Adventure ,, 178750 ,, 4days ,, nan ,, Group Tour - Max 12 participants   ,, nan ,, Trafalgar ,, Kathmandu Tours ,, Explorer ,, Explorer ,, 
Magnificent Nepal And Bhutan ,, 717750 ,, 10days ,, nan ,, Group Tour - Max 12 participants   ,, nan ,, Luxury Gold ,, Kathmandu Tours ,, Explorer ,, Explorer ,, 
Magnificent Nepal And Bhutan ,, 717750 ,, 10days ,, nan ,, Group Tour - Max 12 participants   ,, nan ,, Insight Vacations ,, Kathmandu Tours ,, Explorer ,, Explorer ,, 
Indias Golden Triangle With Varanasi And Nepal ,, 461450 ,, 11days ,, nan ,, Group Tour - Max 12 participants   ,, nan ,, Trafalgar ,, Delhi Tours ,, Explorer ,, Explorer ,, 
Annapurna Sanctuary ,, 174460 ,, 15days ,, nan ,, Group Tour - Max 17 participants   ,, nan ,, Explore ,, Kathmandu Tours ,, Active And Outdoor ,, Active and outdoor ,, 
Inside The Hidden Kingdoms ,, 482790 ,, 21days ,, nan ,, Group Tour - Max 17 participants   ,, nan ,, Explore ,, Kolkata Tours ,, Active And Outdoor ,, Active and outdoor ,, 
Festivals Of Bhutan ,, 446160 ,, 12days ,, nan ,, Group Tour - Max 17 participants   ,, nan ,, Explore ,, Kathmandu Tours ,, Active And Outdoor ,, Active and outdoor ,, 
Delhi To Kathmandu ,, 280060 ,, 17days ,, nan ,, Group Tour - Max 17 participants   ,, nan ,, Explore ,, Delhi Tours ,, Active And Outdoor ,, Active and outdoor ,, 
Discover Nepal ,, 199540 ,, 15days ,, nan ,, Group Tour - Max 17 participants   ,, nan ,, Explore ,, Kathmandu Tours ,, Active And Outdoor ,, Active and outdoor ,, 
Annapurna Panorama ,, 178640 ,, 13days ,, nan ,, Group Tour - Max 17 participants   ,, nan ,, Explore ,, Kathmandu Tours ,, Active And Outdoor ,, Active and outdoor ,, 
Everest Base Camp & Kala Pattar Over 55's ,, 313390 ,, 21days ,, nan ,, Group Tour - Max 16 participants   ,, nan ,, World Expeditions ,, Kathmandu ,, Adventure And Sport Activities ,, Trekking ,, 
Tamur Rafting And Trek Expedition ,, 132000 ,, 11hours ,, nan ,, Group Tour - Max 24 participants   ,, nan ,, GRG Adventure Kayaking ,, Tamur River ,, Boat Tours Water Sports And Marine Wildlife ,, Rafting ,, 
