Nepal Exposed,,1139,,10days,,nan,,Group Tour - Max 14 participants  ,,nan,,

Everest Base Camp,,1481,,16days,,nan,,Group Tour - Max 12 participants  ,,nan,,

Delhi To Kathmandu,,3201,,16days,,nan,,Group Tour - Max 12 participants  ,,nan,,

Nepal On A Shoestring,,734,,8days,,nan,,Group Tour - Max 18 participants  ,,nan,,

Nepal Family Adventure,,2279,,14days,,nan,,Group Tour - Max 18 participants  ,,nan,,

Nepal Discovery,,1206,,8days,,nan,,Group Tour - Max 18 participants  ,,nan,,

Himalayan Kingdoms,,2788,,12days,,nan,,Group Tour - Max 10 participants  ,,nan,,

Lumding Valley & Teng Kangpoche Peak With Soren Kruse Ledet,,7979,,30days,,nan,,Group Tour - Max 12 participants  ,,nan,,

Chitwan Independent Adventure And Homestay,,693,,4days,,nan,,Independent Tour  ,,nan,,

Wellness Nepal,,3134,,13days,,nan,,Group Tour - Max 15 participants  ,,nan,,

Annapurna Circuit,,2232,,21days,,nan,,Group Tour - Max 17 participants  ,,nan,,

Cinque Terre Walking Holiday,,513,,5days,,nan,,Independent Tour  ,,nan,,

Kathmandu Valley Trek Independent Adventure,,902,,5days,,nan,,Independent Tour  ,,nan,,

Nepal Adventure,,1625,,4days,,nan,,Group Tour - Max 12 participants  ,,nan,,

Magnificent Nepal And Bhutan,,6525,,10days,,nan,,Group Tour - Max 12 participants  ,,nan,,

Magnificent Nepal And Bhutan,,6525,,10days,,nan,,Group Tour - Max 12 participants  ,,nan,,

Indias Golden Triangle With Varanasi And Nepal,,4195,,11days,,nan,,Group Tour - Max 12 participants  ,,nan,,

Annapurna Sanctuary,,1586,,15days,,nan,,Group Tour - Max 17 participants  ,,nan,,

Inside The Hidden Kingdoms,,4389,,21days,,nan,,Group Tour - Max 17 participants  ,,nan,,

Festivals Of Bhutan,,4056,,12days,,nan,,Group Tour - Max 17 participants  ,,nan,,

Delhi To Kathmandu,,2546,,17days,,nan,,Group Tour - Max 17 participants  ,,nan,,

Discover Nepal,,1814,,15days,,nan,,Group Tour - Max 17 participants  ,,nan,,

Everest Base Camp & Kala Pattar Over 55's,,2849,,21days,,nan,,Group Tour - Max 16 participants  ,,nan,,

Tamur Rafting And Trek Expedition,,1200,,11hours,,nan,,Group Tour - Max 24 participants  ,,nan,,

Annapurna Panorama,,1624,,13days,,nan,,Group Tour - Max 17 participants  ,,nan,,

Annapurna Explorer,,1373,,16days,,5.0 ,,Group Tour - Max 12 participants  ,,Easy,,

Annapurna Base Camp Trek,,675,,12days,,4.5 ,,Private and Group Tour  ,,Medium,,

Langtang Kyanjin Trek,,465,,9days,,4.8 ,,Private Tour  ,,Medium,,

Annapurna Circuit Trek,,800,,15days,,4.6 ,,Private Tour  ,,Hard,,

Everest Base Camp Trek,,975,,15days,,4.8 ,,Private and Group Tour  ,,Medium,,

Everest Three High Passes Trekking,,1350,,16days,,4.8 ,,Private and Group Tour  ,,Hard,,

High Road To Lhasa,,3039,,15days,,nan,,Group Tour - Max 16 participants  ,,nan,,

Annapurna Base Camp Trek,,636,,12days,,4.8 ,,Private Tour  ,,Moderate,,

Manaslu Circuit Trekking,,1100,,14days,,5.0 ,,Private and Group Tour  ,,Hard,,

Chitwan National Park Safari,,180,,3days,,nan,,Group Tour  ,,nan,,

9 Day Everest Base Camp Trek With Chopper Return,,2290,,9days,,4.8 ,,Private and Group Tour  ,,Medium,,

 Everest Base Camp Trek,,810,,12days,,4.9 ,,Private Tour  ,,Hard,,

Annapurna Base Camp Trek,,620,,12days,,5.0 ,,Private Tour  ,,Moderate,,

Everest Base Camp Trek,,905,,11days,,4.8 ,,Private Tour  ,,Medium,,

7-day Ghorepani Poon Hill Trek,,366,,7days,,5.0 ,,Private Tour  ,,Easy,,

Annapurna Circuit Trek ,,1000,,13days,,4.9 ,,Private Tour  ,,Hard,,

Everest Base Camp Trek - 16 Days,,1225,,16days,,5.0 ,,Private Tour  ,,Hard,,

Mera Peak Climb,,2000,,18days,,4.9 ,,Private Tour  ,,nan,,

Dhampus Sarangkot (Short Annapurna Trek),,175,,3days,,4.3 ,,Private Tour  ,,Easy,,

Everest Base Camp - 3 High Passes Trek,,1320,,16days,,4.9 ,,Private and Group Tour  ,,Hard,,

Everest Base Camp Trek - 12 Days,,1250,,12days,,4.9 ,,Private Tour  ,,Moderate,,

Everest Base Camp Tour,,1000,,12days,,5.0 ,,Group Tour - Max 12 participants  ,,Hard,,

Annapurna Base Camp Trek - 9 Days,,640,,9days,,4.7 ,,Private Tour  ,,Medium,,

Island Peak Climb With Everest Base Camp Trek,,2090,,15days,,4.9 ,,Private and Group Tour  ,,nan,,

Gokyo And Everest Base Camp Trek,,1185,,14days,,4.7 ,,Private and Group Tour  ,,Hard,,

